AuthorID,BookID
1,5
1,31
1,43
1,152
1,215
1,324
1,395
1,455
1,483
1,486
1,580
1,586
1,703
1,760
1,820
1,834
1,849
1,923
1,954
1,979
1,997
2,43
2,83
2,93
2,141
2,147
2,151
2,154
2,157
2,162
2,324
2,403
2,413
2,437
2,451
2,457
2,523
2,531
2,535
2,559
2,585
2,586
2,596
2,598
2,610
2,703
2,802
2,843
2,855
2,906
2,928
2,984
3,20
3,62
3,90
3,170
3,189
3,204
3,209
3,240
3,245
3,270
3,311
3,338
3,341
3,354
3,398
3,448
3,533
3,542
3,557
3,774
3,801
3,939
3,962
4,33
4,146
4,191
4,315
4,338
4,349
4,354
4,389
4,446
4,503
4,553
4,631
4,703
4,724
4,786
5,18
5,26
5,81
5,98
5,103
5,112
5,270
5,271
5,316
5,345
5,414
5,460
5,510
5,522
5,664
5,708
5,723
5,755
5,756
5,772
5,782
5,824
5,834
5,853
5,854
5,856
5,899
5,900
5,901
5,918
5,922
5,931
6,52
6,61
6,99
6,214
6,247
6,274
6,561
6,562
6,602
6,621
6,635
6,647
6,748
6,802
6,841
6,868
6,943
6,949
6,973
6,978
7,19
7,48
7,82
7,103
7,106
7,148
7,180
7,184
7,212
7,300
7,328
7,333
7,392
7,504
7,524
7,556
7,560
7,573
7,578
7,637
7,679
7,727
7,789
7,826
7,828
7,843
7,862
7,906
7,955
7,973
8,58
8,75
8,108
8,118
8,166
8,168
8,173
8,180
8,193
8,213
8,251
8,296
8,318
8,322
8,327
8,332
8,343
8,476
8,491
8,495
8,500
8,543
8,560
8,603
8,617
8,654
8,691
8,694
8,742
8,758
8,761
8,798
8,858
8,878
9,12
9,23
9,126
9,167
9,168
9,202
9,226
9,262
9,302
9,304
9,315
9,316
9,330
9,336
9,341
9,372
9,462
9,496
9,512
9,533
9,633
9,677
9,693
9,741
9,759
9,903
10,29
10,31
10,79
10,130
10,166
10,168
10,171
10,180
10,267
10,282
10,286
10,312
10,332
10,375
10,388
10,438
10,515
10,547
10,602
10,608
10,624
10,628
10,651
10,664
10,685
10,732
10,738
10,741
10,873
10,877
10,895
10,917
10,947
10,949
10,963
10,995
11,5
11,10
11,25
11,36
11,45
11,72
11,94
11,146
11,224
11,239
11,316
11,322
11,344
11,346
11,374
11,389
11,398
11,432
11,440
11,566
11,585
11,681
11,738
11,766
11,790
11,822
11,831
11,864
11,889
11,891
11,936
12,10
12,72
12,81
12,111
12,113
12,140
12,152
12,193
12,205
12,226
12,242
12,256
12,277
12,292
12,403
12,428
12,480
12,483
12,501
12,521
12,562
12,566
12,590
12,644
12,651
12,712
12,769
12,918
12,920
12,957
12,983
12,999
13,5
13,114
13,174
13,245
13,263
13,286
13,380
13,399
13,437
13,458
13,494
13,577
13,662
13,670
13,671
13,691
13,716
13,761
13,783
13,786
13,836
13,847
13,863
13,883
13,889
13,991
14,17
14,32
14,42
14,58
14,81
14,87
14,172
14,201
14,324
14,380
14,457
14,527
14,533
14,657
14,661
14,678
14,743
14,766
14,774
14,787
14,797
14,835
14,854
14,920
14,937
15,9
15,61
15,69
15,84
15,113
15,116
15,194
15,199
15,208
15,304
15,337
15,349
15,353
15,391
15,398
15,418
15,462
15,463
15,471
15,476
15,629
15,692
15,725
15,743
15,760
15,816
15,830
15,849
15,871
15,942
16,11
16,39
16,93
16,110
16,111
16,124
16,125
16,151
16,187
16,268
16,279
16,286
16,292
16,300
16,319
16,321
16,322
16,354
16,403
16,416
16,446
16,495
16,575
16,596
16,624
16,628
16,657
16,677
16,690
16,720
16,728
16,744
16,748
16,807
16,836
16,839
16,901
16,912
16,997
17,86
17,88
17,102
17,105
17,111
17,117
17,132
17,134
17,142
17,165
17,268
17,350
17,360
17,483
17,495
17,519
17,521
17,531
17,566
17,602
17,617
17,643
17,651
17,672
17,696
17,823
17,833
17,839
17,844
17,912
17,930
17,934
17,975
17,987
17,998
18,4
18,74
18,99
18,123
18,144
18,236
18,341
18,395
18,430
18,503
18,542
18,577
18,645
18,690
18,714
18,736
18,740
18,746
18,760
18,885
18,905
18,938
18,940
18,948
18,970
18,991
19,10
19,29
19,90
19,102
19,119
19,125
19,143
19,146
19,153
19,223
19,334
19,345
19,383
19,398
19,427
19,440
19,471
19,513
19,549
19,567
19,579
19,585
19,621
19,662
19,669
19,673
19,688
19,693
19,714
19,756
19,759
19,767
19,805
19,829
19,847
19,918
19,966
20,8
20,12
20,47
20,107
20,119
20,161
20,194
20,213
20,292
20,294
20,302
20,354
20,377
20,398
20,421
20,439
20,510
20,521
20,555
20,557
20,558
20,567
20,628
20,684
20,726
20,750
20,782
20,789
20,814
20,817
20,833
20,853
20,869
20,877
21,8
21,25
21,123
21,133
21,182
21,284
21,468
21,471
21,519
21,532
21,630
21,633
21,705
21,738
21,751
21,818
21,822
21,841
21,844
21,862
21,893
21,902
21,904
21,952
21,964
22,31
22,247
22,249
22,253
22,272
22,302
22,348
22,417
22,513
22,515
22,536
22,613
22,624
22,627
22,675
22,724
22,725
22,763
22,817
22,932
22,954
22,969
22,998
23,6
23,63
23,174
23,186
23,205
23,238
23,249
23,293
23,324
23,326
23,366
23,381
23,382
23,394
23,445
23,458
23,480
23,535
23,608
23,705
23,758
23,767
23,824
23,881
23,902
23,927
23,935
23,941
24,29
24,32
24,59
24,96
24,112
24,138
24,180
24,257
24,284
24,301
24,319
24,323
24,385
24,429
24,447
24,470
24,505
24,507
24,514
24,523
24,541
24,560
24,575
24,576
24,644
24,679
24,721
24,733
24,767
24,773
24,818
24,855
24,863
24,895
24,947
24,960
24,998
25,54
25,66
25,108
25,151
25,159
25,194
25,283
25,315
25,372
25,405
25,422
25,431
25,449
25,488
25,538
25,574
25,584
25,636
25,639
25,640
25,642
25,653
25,666
25,702
25,738
25,929
25,980
25,996
26,17
26,26
26,81
26,108
26,110
26,129
26,198
26,213
26,214
26,288
26,421
26,449
26,463
26,495
26,538
26,552
26,603
26,652
26,657
26,756
26,763
26,764
26,770
26,871
26,880
26,902
26,905
27,3
27,13
27,32
27,75
27,104
27,116
27,158
27,217
27,240
27,241
27,246
27,331
27,335
27,415
27,464
27,497
27,502
27,573
27,635
27,723
27,744
27,749
27,765
27,776
27,787
27,822
27,830
27,831
27,842
27,843
27,896
27,941
27,960
27,962
27,991
27,993
28,19
28,29
28,127
28,131
28,157
28,164
28,183
28,191
28,253
28,256
28,264
28,309
28,330
28,407
28,461
28,494
28,527
28,554
28,568
28,581
28,594
28,605
28,629
28,642
28,653
28,697
28,713
28,751
28,758
28,813
28,948
29,14
29,38
29,65
29,69
29,75
29,288
29,372
29,421
29,428
29,436
29,451
29,523
29,558
29,578
29,586
29,587
29,602
29,607
29,647
29,714
29,771
29,777
29,782
29,840
29,853
29,856
29,880
29,905
29,918
29,925
29,989
30,8
30,16
30,54
30,104
30,161
30,239
30,307
30,320
30,360
30,370
30,419
30,450
30,569
30,570
30,714
30,733
30,737
30,745
30,821
30,877
30,882
30,900
30,951
30,963
30,1000
31,47
31,59
31,91
31,134
31,146
31,182
31,219
31,267
31,339
31,342
31,352
31,379
31,380
31,404
31,411
31,516
31,556
31,569
31,619
31,632
31,669
31,680
31,692
31,744
31,784
31,805
31,811
31,892
31,962
31,990
32,9
32,22
32,51
32,207
32,254
32,283
32,329
32,336
32,354
32,369
32,484
32,485
32,498
32,675
32,715
32,760
32,869
32,881
32,934
33,26
33,129
33,164
33,254
33,293
33,294
33,326
33,368
33,418
33,426
33,448
33,480
33,526
33,528
33,536
33,564
33,577
33,578
33,675
33,687
33,688
33,772
33,821
33,826
33,871
33,901
33,926
34,23
34,126
34,158
34,185
34,194
34,224
34,246
34,310
34,332
34,372
34,385
34,390
34,417
34,438
34,446
34,456
34,471
34,492
34,522
34,544
34,559
34,706
34,744
34,794
34,799
34,905
34,927
34,954
34,994
35,12
35,25
35,70
35,79
35,126
35,143
35,186
35,227
35,239
35,299
35,367
35,381
35,395
35,404
35,409
35,429
35,432
35,455
35,486
35,502
35,503
35,546
35,561
35,563
35,582
35,586
35,636
35,696
35,702
35,705
35,729
35,749
35,758
35,812
35,825
35,835
35,878
35,879
35,897
35,898
35,915
35,966
35,996
35,997
36,7
36,14
36,63
36,81
36,95
36,96
36,103
36,135
36,146
36,147
36,242
36,259
36,263
36,281
36,361
36,391
36,394
36,423
36,441
36,458
36,495
36,497
36,594
36,596
36,670
36,713
36,731
36,754
36,778
36,808
36,853
36,957
36,962
36,973
36,985
37,19
37,31
37,35
37,47
37,53
37,81
37,116
37,130
37,146
37,164
37,166
37,193
37,220
37,238
37,321
37,342
37,455
37,589
37,673
37,733
37,760
37,852
37,854
37,881
37,896
37,920
37,932
37,984
37,989
38,16
38,99
38,109
38,115
38,167
38,175
38,236
38,263
38,316
38,320
38,330
38,339
38,353
38,354
38,379
38,380
38,411
38,425
38,484
38,530
38,540
38,597
38,668
38,697
38,739
38,775
38,778
38,877
38,909
38,927
38,942
38,961
39,53
39,59
39,84
39,100
39,147
39,178
39,274
39,311
39,313
39,358
39,359
39,471
39,479
39,490
39,551
39,603
39,618
39,652
39,656
39,671
39,807
39,826
39,843
39,867
39,878
39,901
39,949
40,3
40,25
40,31
40,35
40,69
40,92
40,108
40,116
40,243
40,284
40,298
40,353
40,358
40,417
40,428
40,522
40,539
40,581
40,586
40,613
40,615
40,624
40,645
40,757
40,854
40,878
40,880
40,910
40,950
40,974
40,981
40,990
41,1
41,58
41,79
41,80
41,81
41,85
41,92
41,112
41,168
41,172
41,181
41,214
41,220
41,229
41,239
41,276
41,305
41,314
41,352
41,406
41,435
41,472
41,476
41,522
41,536
41,611
41,617
41,641
41,672
41,684
41,743
41,767
41,815
41,830
41,864
41,870
41,880
41,885
41,890
41,923
41,949
42,51
42,79
42,104
42,118
42,136
42,168
42,172
42,196
42,197
42,282
42,287
42,332
42,393
42,434
42,473
42,499
42,513
42,555
42,604
42,632
42,663
42,723
42,887
42,939
42,964
42,966
42,978
42,980
43,44
43,52
43,172
43,176
43,189
43,197
43,227
43,238
43,269
43,272
43,290
43,310
43,399
43,417
43,419
43,473
43,486
43,514
43,530
43,691
43,742
43,886
43,891
43,897
43,905
43,915
43,994
44,55
44,86
44,193
44,205
44,222
44,224
44,238
44,262
44,264
44,268
44,277
44,320
44,347
44,357
44,471
44,472
44,501
44,544
44,552
44,557
44,580
44,588
44,624
44,626
44,662
44,672
44,721
44,733
44,783
44,791
44,804
44,844
44,875
44,892
44,954
44,999
45,73
45,79
45,88
45,128
45,139
45,146
45,175
45,239
45,273
45,323
45,468
45,485
45,489
45,523
45,529
45,546
45,566
45,665
45,739
45,809
45,900
45,923
45,955
45,990
46,11
46,77
46,100
46,102
46,164
46,205
46,249
46,328
46,398
46,427
46,464
46,475
46,526
46,537
46,559
46,574
46,589
46,636
46,705
46,726
46,747
46,779
46,786
46,802
46,824
46,875
46,902
46,934
47,10
47,46
47,54
47,55
47,76
47,97
47,213
47,224
47,294
47,335
47,365
47,385
47,430
47,434
47,471
47,495
47,502
47,507
47,512
47,542
47,595
47,629
47,694
47,756
47,772
47,813
47,866
47,880
47,881
47,932
47,938
47,939
48,38
48,62
48,110
48,162
48,173
48,203
48,249
48,279
48,294
48,349
48,466
48,468
48,476
48,486
48,491
48,548
48,706
48,728
48,765
48,778
48,921
48,942
48,977
48,978
49,67
49,94
49,113
49,163
49,179
49,189
49,194
49,200
49,221
49,259
49,274
49,303
49,345
49,399
49,408
49,427
49,432
49,433
49,447
49,451
49,456
49,521
49,531
49,571
49,575
49,604
49,611
49,647
49,655
49,671
49,774
49,788
49,804
49,829
49,848
49,861
49,900
49,912
49,923
49,944
49,948
49,952
50,11
50,26
50,30
50,39
50,42
50,146
50,242
50,255
50,265
50,292
50,339
50,381
50,382
50,476
50,511
50,518
50,646
50,731
50,750
50,808
50,839
50,844
50,872
50,875
50,891
50,898
50,945
51,1
51,7
51,40
51,140
51,153
51,156
51,208
51,236
51,257
51,277
51,287
51,313
51,379
51,404
51,407
51,439
51,443
51,472
51,571
51,616
51,733
51,750
51,796
51,822
51,831
51,852
51,860
51,893
51,958
51,968
52,5
52,6
52,82
52,110
52,165
52,170
52,182
52,199
52,207
52,243
52,338
52,342
52,354
52,388
52,392
52,454
52,539
52,553
52,601
52,626
52,721
52,745
52,809
52,876
52,894
52,946
52,956
52,985
53,7
53,23
53,35
53,110
53,114
53,132
53,169
53,180
53,205
53,222
53,262
53,356
53,357
53,392
53,419
53,501
53,507
53,548
53,569
53,573
53,576
53,678
53,698
53,793
53,801
53,815
53,833
53,840
53,924
53,952
53,958
53,969
54,43
54,128
54,133
54,155
54,177
54,220
54,253
54,282
54,326
54,354
54,404
54,500
54,524
54,532
54,543
54,652
54,768
54,783
54,830
54,840
54,852
54,905
54,923
54,940
55,47
55,101
55,107
55,293
55,324
55,337
55,385
55,400
55,409
55,441
55,460
55,482
55,499
55,502
55,536
55,547
55,559
55,568
55,591
55,626
55,657
55,672
55,674
55,692
55,693
55,712
55,722
55,739
55,761
55,768
55,808
55,826
55,861
55,905
55,944
55,959
55,962
55,985
55,989
56,16
56,32
56,67
56,74
56,111
56,156
56,164
56,173
56,202
56,232
56,299
56,365
56,370
56,404
56,406
56,430
56,439
56,535
56,554
56,611
56,728
56,753
56,893
56,957
56,982
57,209
57,225
57,255
57,302
57,399
57,402
57,433
57,435
57,473
57,501
57,542
57,603
57,632
57,670
57,725
57,734
57,752
57,758
57,771
57,779
57,806
57,817
57,929
57,979
58,103
58,104
58,238
58,253
58,295
58,343
58,391
58,399
58,450
58,459
58,516
58,517
58,551
58,561
58,574
58,606
58,611
58,614
58,648
58,680
58,703
58,711
58,726
58,800
58,892
58,899
58,913
58,936
58,985
59,27
59,52
59,76
59,146
59,184
59,193
59,221
59,246
59,275
59,280
59,288
59,308
59,324
59,383
59,392
59,425
59,499
59,502
59,508
59,544
59,577
59,584
59,635
59,706
59,708
59,722
59,793
59,797
59,803
59,822
59,827
59,892
59,899
59,1000
60,41
60,56
60,59
60,64
60,118
60,149
60,212
60,230
60,355
60,390
60,441
60,449
60,451
60,504
60,595
60,596
60,608
60,634
60,679
60,692
60,701
60,731
60,743
60,753
60,778
60,790
60,828
60,906
60,955
61,23
61,58
61,66
61,80
61,97
61,107
61,145
61,174
61,179
61,232
61,240
61,289
61,318
61,341
61,384
61,401
61,419
61,448
61,515
61,544
61,634
61,692
61,707
61,767
61,801
61,810
61,820
61,836
61,859
61,877
61,912
62,41
62,183
62,202
62,223
62,228
62,247
62,285
62,295
62,308
62,380
62,417
62,519
62,545
62,548
62,577
62,613
62,619
62,678
62,689
62,695
62,755
62,764
62,933
62,985
62,998
62,1000
63,92
63,113
63,127
63,131
63,146
63,226
63,251
63,273
63,276
63,305
63,327
63,343
63,364
63,390
63,423
63,533
63,536
63,552
63,560
63,618
63,633
63,657
63,683
63,714
63,731
63,765
63,801
63,802
63,839
63,883
63,893
63,934
63,996
64,14
64,184
64,195
64,226
64,247
64,277
64,295
64,300
64,314
64,343
64,376
64,400
64,487
64,488
64,512
64,524
64,538
64,590
64,602
64,607
64,630
64,644
64,696
64,712
64,785
64,791
64,834
64,845
64,852
64,884
64,973
65,21
65,25
65,73
65,112
65,115
65,130
65,169
65,196
65,242
65,281
65,283
65,334
65,473
65,539
65,578
65,631
65,654
65,747
65,757
65,801
65,844
65,855
65,894
65,935
65,977
65,981
66,37
66,45
66,52
66,61
66,84
66,161
66,189
66,215
66,269
66,393
66,403
66,434
66,436
66,440
66,453
66,470
66,488
66,539
66,590
66,603
66,612
66,626
66,650
66,674
66,676
66,692
66,693
66,714
66,739
66,762
66,782
66,813
66,829
66,840
66,911
66,946
66,947
66,955
66,989
67,44
67,151
67,199
67,251
67,288
67,318
67,338
67,367
67,373
67,375
67,435
67,467
67,473
67,508
67,517
67,660
67,698
67,765
67,835
67,845
67,892
67,921
67,999
68,20
68,33
68,87
68,108
68,112
68,179
68,205
68,211
68,299
68,302
68,334
68,379
68,399
68,409
68,444
68,456
68,461
68,473
68,483
68,536
68,553
68,557
68,560
68,708
68,749
68,771
68,809
68,826
68,828
68,829
68,857
68,864
68,886
68,894
68,914
68,927
68,941
68,978
68,981
68,1000
69,6
69,40
69,82
69,115
69,141
69,195
69,208
69,255
69,257
69,279
69,337
69,376
69,400
69,458
69,544
69,557
69,585
69,602
69,686
69,707
69,897
69,901
69,943
69,987
70,115
70,125
70,155
70,177
70,215
70,228
70,231
70,244
70,268
70,282
70,316
70,318
70,392
70,405
70,470
70,576
70,595
70,600
70,625
70,633
70,806
70,861
70,870
70,871
70,945
70,980
70,993
71,14
71,70
71,81
71,92
71,172
71,185
71,226
71,255
71,265
71,294
71,306
71,311
71,346
71,391
71,408
71,438
71,478
71,485
71,490
71,505
71,515
71,550
71,626
71,734
71,779
71,787
71,828
71,835
71,853
71,863
71,889
71,908
71,927
71,949
71,972
71,981
71,989
71,993
72,50
72,120
72,139
72,157
72,170
72,176
72,197
72,255
72,378
72,386
72,398
72,413
72,447
72,566
72,661
72,664
72,734
72,845
72,846
72,890
72,903
72,908
72,925
73,43
73,60
73,95
73,103
73,104
73,152
73,159
73,200
73,250
73,258
73,281
73,332
73,341
73,382
73,400
73,425
73,446
73,564
73,585
73,602
73,605
73,611
73,617
73,653
73,743
73,749
73,813
73,849
73,862
73,885
73,895
73,896
73,937
73,985
74,40
74,69
74,87
74,97
74,114
74,158
74,163
74,174
74,220
74,240
74,248
74,294
74,305
74,341
74,393
74,409
74,436
74,447
74,483
74,504
74,585
74,612
74,723
74,726
74,755
74,813
74,858
74,861
74,863
74,985
75,53
75,59
75,141
75,189
75,203
75,319
75,362
75,365
75,373
75,434
75,457
75,481
75,537
75,586
75,590
75,591
75,595
75,622
75,624
75,720
75,727
75,784
75,840
75,851
75,898
75,901
76,7
76,36
76,114
76,151
76,161
76,205
76,206
76,233
76,261
76,263
76,271
76,277
76,289
76,325
76,347
76,442
76,443
76,477
76,578
76,580
76,597
76,602
76,650
76,655
76,690
76,692
76,698
76,708
76,735
76,755
76,886
76,907
76,935
76,950
76,962
77,2
77,4
77,8
77,11
77,14
77,148
77,157
77,159
77,189
77,201
77,314
77,320
77,322
77,346
77,381
77,388
77,441
77,501
77,549
77,554
77,589
77,600
77,686
77,716
77,779
77,800
77,840
77,859
77,870
77,902
78,41
78,105
78,169
78,188
78,192
78,194
78,278
78,288
78,325
78,336
78,351
78,367
78,381
78,382
78,447
78,462
78,467
78,511
78,520
78,597
78,641
78,680
78,685
78,722
78,741
78,787
78,850
78,852
78,867
78,875
79,36
79,51
79,57
79,64
79,68
79,158
79,181
79,189
79,195
79,241
79,318
79,368
79,398
79,475
79,485
79,510
79,554
79,582
79,611
79,631
80,77
80,118
80,134
80,146
80,188
80,321
80,383
80,405
80,462
80,489
80,599
80,626
80,682
80,742
80,753
80,776
80,797
80,896
80,904
80,908
80,913
81,33
81,37
81,46
81,71
81,76
81,87
81,102
81,181
81,230
81,234
81,236
81,250
81,288
81,291
81,303
81,310
81,326
81,416
81,486
81,522
81,565
81,592
81,628
81,661
81,663
81,679
81,686
81,703
81,731
81,815
81,822
81,832
81,843
81,891
81,907
81,925
81,950
81,963
82,37
82,41
82,64
82,116
82,150
82,208
82,211
82,233
82,257
82,283
82,315
82,322
82,343
82,344
82,384
82,400
82,462
82,488
82,496
82,592
82,598
82,603
82,620
82,669
82,723
82,757
82,789
82,833
82,868
82,898
82,908
82,912
82,917
82,938
82,941
83,32
83,60
83,208
83,264
83,475
83,513
83,574
83,615
83,671
83,770
83,786
83,805
83,809
83,845
83,903
83,944
83,955
83,960
83,985
84,2
84,32
84,165
84,187
84,230
84,324
84,374
84,394
84,443
84,446
84,452
84,460
84,502
84,551
84,616
84,621
84,632
84,730
84,749
84,763
84,777
84,786
84,824
84,898
84,908
84,910
84,913
84,927
84,936
84,964
85,32
85,40
85,43
85,51
85,61
85,80
85,99
85,101
85,164
85,238
85,255
85,380
85,387
85,481
85,487
85,579
85,612
85,677
85,680
85,690
85,695
85,749
85,787
85,794
85,960
85,989
85,992
86,56
86,118
86,142
86,154
86,173
86,177
86,201
86,247
86,254
86,282
86,356
86,376
86,377
86,398
86,408
86,424
86,431
86,442
86,443
86,445
86,479
86,480
86,514
86,524
86,594
86,605
86,611
86,666
86,667
86,687
86,729
86,741
86,764
86,784
86,895
86,958
86,961
87,29
87,33
87,35
87,46
87,78
87,98
87,111
87,142
87,154
87,181
87,187
87,231
87,254
87,368
87,394
87,406
87,414
87,466
87,487
87,528
87,535
87,583
87,626
87,648
87,684
87,693
87,701
87,706
87,735
87,738
87,754
87,775
87,821
87,892
87,896
87,898
87,903
87,905
87,925
87,948
87,958
88,2
88,24
88,83
88,135
88,156
88,178
88,192
88,221
88,267
88,346
88,359
88,379
88,402
88,461
88,493
88,513
88,515
88,536
88,565
88,582
88,605
88,675
88,720
88,737
88,870
88,878
88,936
88,939
88,958
88,996
88,997
89,2
89,174
89,247
89,260
89,284
89,293
89,306
89,322
89,377
89,385
89,420
89,429
89,447
89,545
89,551
89,582
89,585
89,692
89,741
89,746
89,761
89,769
89,780
89,793
89,795
89,796
89,801
89,842
89,854
89,912
90,43
90,50
90,77
90,134
90,170
90,173
90,298
90,388
90,411
90,412
90,432
90,511
90,539
90,542
90,624
90,640
90,648
90,655
90,689
90,783
90,799
90,804
90,833
90,861
90,866
90,873
90,974
91,18
91,77
91,111
91,125
91,131
91,333
91,336
91,359
91,365
91,369
91,394
91,490
91,492
91,515
91,544
91,684
91,692
91,694
91,698
91,707
91,720
91,741
91,763
91,771
91,779
91,807
91,831
91,855
91,857
91,861
91,880
91,894
91,936
91,966
92,20
92,51
92,154
92,192
92,202
92,208
92,344
92,399
92,462
92,479
92,498
92,513
92,524
92,583
92,596
92,602
92,662
92,676
92,724
92,726
92,801
92,812
92,849
92,870
92,881
92,889
92,904
92,910
92,921
92,974
92,999
93,11
93,28
93,73
93,83
93,128
93,138
93,167
93,184
93,247
93,274
93,328
93,359
93,374
93,392
93,408
93,439
93,478
93,537
93,541
93,543
93,638
93,646
93,668
93,707
93,717
93,803
93,838
93,874
93,891
94,60
94,230
94,277
94,295
94,311
94,356
94,376
94,421
94,450
94,502
94,539
94,574
94,577
94,583
94,603
94,609
94,636
94,662
94,728
94,744
94,770
94,773
94,844
94,927
94,949
94,953
94,978
95,1
95,63
95,83
95,94
95,116
95,145
95,198
95,228
95,288
95,305
95,310
95,316
95,323
95,402
95,487
95,494
95,600
95,606
95,621
95,622
95,632
95,645
95,650
95,658
95,678
95,792
95,822
95,827
95,856
95,880
95,894
95,974
96,3
96,113
96,136
96,140
96,146
96,244
96,254
96,266
96,321
96,372
96,374
96,466
96,477
96,511
96,580
96,592
96,818
96,822
96,880
96,978
97,163
97,183
97,202
97,247
97,279
97,344
97,347
97,373
97,436
97,458
97,467
97,602
97,634
97,712
97,740
97,745
97,812
97,831
97,846
97,871
97,903
97,907
97,942
97,944
97,945
98,32
98,76
98,124
98,133
98,139
98,153
98,185
98,229
98,250
98,252
98,256
98,273
98,318
98,460
98,466
98,467
98,469
98,486
98,536
98,582
98,591
98,689
98,704
98,752
98,764
98,830
98,862
98,881
98,889
98,971
98,979
98,997
99,38
99,101
99,186
99,219
99,243
99,281
99,313
99,539
99,615
99,693
99,747
99,768
99,784
99,809
99,906
99,925
99,943
99,951
99,979
100,15
100,32
100,80
100,117
100,166
100,169
100,240
100,254
100,258
100,270
100,301
100,321
100,335
100,444
100,454
100,499
100,536
100,538
100,552
100,633
100,637
100,736
100,799
100,845
100,857
100,968
100,970
