AuthorID,AuthorName
1,Naguib Mahfouz
2,Youssef Idris
3,Taha Hussein
4,Abbas Al-Aqqad
5,Tawfiq Al-Hakim
6,Ihsan Abdel Quddous
7,Yahya Haqqi
8,Gamal El-Ghitani
9,Bahaa Taher
10,Sonallah Ibrahim
11,Edwar Al-Kharrat
12,Ibrahim Aslan
13,Mohamed El-Bisatie
14,Youssef El-Qaid
15,Khairy Shalaby
16,Mekkawi Said
17,Hamdi Abu Golayyel
18,Miral Al-Tahawy
19,Alaa Al-Aswany
20,Ahmed Mourad
21,Ezzedine Choukri Fishere
22,Mohamed Salmawy
23,Ahmed Khaled Tawfik
24,Mohamed El-Makhzangi
25,Mai Khaled
26,Nael Eltoukhy
27,Ahmed Naji
28,Hassan Kamal
29,Amir Tag El-Sir
30,Abdelrahman Mounif
31,Mohamed Abdel Nabi
32,Ashraf El-Ashmawi
33,Tareq Imam
34,Hani Abdel Mourid
35,Mohamed El-Fakharany
36,Ahmed Zaghloul El-Shetty
37,Salah Montasser
38,Anis Mansour
39,Mostafa Amin
40,Ali Amin
41,Fekry Abaza
42,Mohamed Hassanein Heikal
43,Ahmed Baha El-Din
44,Moussa Sabry
45,Amina El-Said
46,Loutfi El-Khouly
47,Galal Amin
48,Hazem Saghieh
49,Abdelwahab Elmessiri
50,Rifaat El-Said
51,Ahmed Abdel Moati Hegazy
52,Farouk Abdel Salam
53,Mohamed El-Sharqawi
54,Abdelrahman El-Abnoudi
55,Ahmed Fouad Negm
56,Salah Jahin
57,Amal Donkol
58,Farouk Gouida
59,Abdel Muti Hegazi
60,Mohamed Afifi Matar
61,Rifaat Fahmy
62,Hassan Talaat
63,Ahmed Abdel Muti Hegazi
64,Ibrahim Abdel Fattah
65,Mohamed Ibrahim Mabrouk
66,Sayed Hegab
67,Abdel Rahman El-Abnoudi
68,Mohamed Abdel Wahab
69,Riad El-Sombaty
70,Abdel Halim Hafez
71,Mohamed El-Qasabgi
72,Zakaria Ahmed
73,Mahmoud El Sherif
74,Sayed Darwish
75,Mohamed Abdel Moneim
76,Kamal El-Tawil
77,Baligh Hamdy
78,Mohamed El-Mougy
79,Hany Shenouda
80,Omar Khorshid
81,Abdel Aziz Mubarak
82,Ahmed Sedky
83,Mohamed Nouh
84,Ahmed El-Hefnawy
85,Mahmoud El-Hefny
86,Mohamed El-Sawy
87,Salah El-Din Hussein
88,Abdel Fattah El-Qadi
89,Mohamed El-Guindy
90,Sayed Mekawy
91,Ahmed El-Sonbaty
92,Mohamed El-Darwish
93,Abdel Halim El-Nemr
94,Mohamed El-Shafei
95,Ahmed El-Desouky
96,Mahmoud El-Tohamy
97,Mohamed El-Helbawy
98,Abdel Rahman El-Shafei
99,Ahmed El-Masry
100,Mohamed El-Banna
