CustomerID,FirstName,LastName,ZipCode,City,State
1,,Shaker,70902,,Egypt
2,,El-Gamal,41987,,Egypt
3,Asmaa,,62957,Tanta,Egypt
4,Rania,,17634,Giza,Egypt
5,Nour,Ibrahim,87592,,Egypt
6,Samy,Nasr,15898,Faiyum,Egypt
7,Hassan,Shaker,49633,Zagazig,Egypt
8,Tarek,Shaker,76165,Aswan,Egypt
9,,El-Sayed,77509,,Egypt
10,,El-Sharif,96956,Cairo,Egypt
11,,,75511,,Egypt
12,Dina,,44250,Giza,Egypt
13,Hany,El-Sayed,84793,,Egypt
14,Ahmed,Abdel-Hamid,23460,Port Said,Egypt
15,,Nasr,69399,,Egypt
16,Ali,Abdallah,10404,Beni Suef,Egypt
17,,,56450,,Egypt
18,Rania,,17774,Aswan,Egypt
19,Hussein,,20975,Aswan,Egypt
20,Tarek,Shaker,35594,,Egypt
21,,El-Naggar,88530,North Sinai,Egypt
22,Hussein,Hassan,58783,Qena,Egypt
23,,,29833,Asyut,Egypt
24,,El-Sharif,12932,Suez,Egypt
25,Hassan,,75500,Luxor,Egypt
26,Samy,,57654,,Egypt
27,,Fathy,66342,South Sinai,Egypt
28,Heba,,93236,Zagazig,Egypt
29,,Shaker,63646,,Egypt
30,,,52638,Suez,Egypt
31,Hany,El-Sayed,65982,,Egypt
32,,Shaker,37904,Sohag,Egypt
33,Rania,El-Deeb,94655,Kafr El-Sheikh,Egypt
34,Rania,,26365,,Egypt
35,,,14511,,Egypt
36,Doaa,Abdallah,39200,Mansoura,Egypt
37,,El-Gamal,78615,Helwan,Egypt
38,Ali,El-Gamal,55097,Port Said,Egypt
39,,,22944,,Egypt
40,,,14713,,Egypt
41,,Nasr,83390,Port Said,Egypt
42,,El-Sharif,81066,,Egypt
43,Mahmoud,Ramadan,61855,Cairo,Egypt
44,Mona,,95051,,Egypt
45,,,10890,Shubra El-Kheima,Egypt
46,,Abdel-Rahman,13274,Alexandria,Egypt
47,,El-Sharif,41824,New Valley,Egypt
48,Rania,Afifi,32583,,Egypt
49,,Abdallah,24840,,Egypt
50,,Abdel-Aziz,87764,,Egypt
51,Asmaa,,32045,,Egypt
52,,Nasr,57461,Shubra El-Kheima,Egypt
53,Doaa,Nasr,84716,,Egypt
54,Ali,El-Gamal,30131,Luxor,Egypt
55,,Ramadan,59527,Matrouh,Egypt
56,,Abdel-Magid,73993,Suez,Egypt
57,Doaa,Hussein,72194,Zagazig,Egypt
58,Nour,Shaker,43090,South Sinai,Egypt
59,Hassan,El-Naggar,28843,,Egypt
60,,El-Naggar,71125,Matrouh,Egypt
61,,,53524,,Egypt
62,,El-Deeb,98543,New Valley,Egypt
63,Mohamed,,95337,Damietta,Egypt
64,,,77899,Suez,Egypt
65,,El-Sayed,14826,Giza,Egypt
66,,El-Deeb,19435,Tanta,Egypt
67,Hassan,,68907,,Egypt
68,,Abdel-Nabi,90982,Kafr El-Sheikh,Egypt
69,Ibrahim,,45637,,Egypt
70,Reem,Hassan,77875,,Egypt
71,,Saleh,52527,Sohag,Egypt
72,Shaimaa,,26167,,Egypt
73,,,52457,,Egypt
74,Hussein,,48604,Port Said,Egypt
75,,Abdel-Rahman,57089,Beni Suef,Egypt
76,Ibrahim,El-Sayed,42124,,Egypt
77,,,78521,New Valley,Egypt
78,,El-Deeb,73050,,Egypt
79,Ibrahim,,94708,New Valley,Egypt
80,Hany,Abdel-Hamid,27793,El-Mahalla El-Kubra,Egypt
81,Mostafa,El-Gamal,58240,Mansoura,Egypt
82,Ali,Ibrahim,22415,,Egypt
83,,Afifi,67453,,Egypt
84,Sara,Abdel-Magid,72000,Port Said,Egypt
85,Hussein,El-Naggar,81007,,Egypt
86,Samy,El-Sayed,22937,Tanta,Egypt
87,Naira,Shaker,99020,Damietta,Egypt
88,Shaimaa,,66935,,Egypt
89,Fatma,El-Sharif,25770,,Egypt
90,,Nasr,74200,Beni Suef,Egypt
91,,Abdel-Magid,19464,,Egypt
92,Mostafa,El-Gamal,27343,Shubra El-Kheima,Egypt
93,,El-Deeb,70421,,Egypt
94,Mahmoud,,69868,El-Mahalla El-Kubra,Egypt
95,Ahmed,,91991,,Egypt
96,Hassan,,55722,El-Mahalla El-Kubra,Egypt
97,Nadia,Hussein,52905,Minya,Egypt
98,,Abdel-Rahman,56733,,Egypt
99,Ali,,69186,Suez,Egypt
100,Reem,,96760,Faiyum,Egypt
101,Ali,Afifi,47105,Mansoura,Egypt
102,Hassan,,31544,Red Sea,Egypt
103,Heba,,86205,Asyut,Egypt
104,,,81488,Alexandria,Egypt
105,Mostafa,,70106,,Egypt
106,Mohamed,,23413,Alexandria,Egypt
107,Tarek,,90768,,Egypt
108,Khaled,Abdel-Magid,17154,,Egypt
109,Rania,El-Sharif,13674,,Egypt
110,,,34389,Giza,Egypt
111,,,69036,,Egypt
112,,El-Naggar,85151,Damietta,Egypt
113,,Saleh,83573,Mansoura,Egypt
114,,Abdel-Hamid,73931,Matrouh,Egypt
115,Mostafa,,34029,Luxor,Egypt
116,Amr,,84119,,Egypt
117,,Abdallah,90394,,Egypt
118,Fatma,Abdel-Rahman,29823,,Egypt
119,Ali,,78813,,Egypt
120,,,71692,,Egypt
121,Samar,,41643,Shubra El-Kheima,Egypt
122,Doaa,El-Sharif,61794,Giza,Egypt
123,,,33732,,Egypt
124,Asmaa,El-Sharif,69600,,Egypt
125,,El-Gamal,52158,Sohag,Egypt
126,Samy,El-Naggar,21077,,Egypt
127,,Abdel-Aziz,21334,Mansoura,Egypt
128,Dina,,91416,Asyut,Egypt
129,,Abdallah,45912,Shubra El-Kheima,Egypt
130,Heba,El-Gamal,45650,Damietta,Egypt
131,,,33472,Mansoura,Egypt
132,,,14507,Minya,Egypt
133,,El-Gamal,64746,,Egypt
134,Naira,Abdel-Aziz,13070,,Egypt
135,,,90897,Tanta,Egypt
136,Sara,Ramadan,75769,El-Mahalla El-Kubra,Egypt
137,Heba,,80199,Matrouh,Egypt
138,Mahmoud,Nasr,27069,Damietta,Egypt
139,,Abdel-Magid,44831,,Egypt
140,,Abdel-Nabi,20320,Alexandria,Egypt
141,Ibrahim,,74306,,Egypt
142,Nour,Abdel-Magid,48976,Faiyum,Egypt
143,Nour,El-Naggar,38991,Faiyum,Egypt
144,Hussein,,50218,,Egypt
145,,,21490,,Egypt
146,Doaa,El-Gamal,98256,,Egypt
147,Mohamed,Saleh,88623,Alexandria,Egypt
148,Sara,El-Naggar,56705,Beni Suef,Egypt
149,,Ramadan,94520,,Egypt
150,,Abdel-Magid,86181,,Egypt
151,,,85766,Cairo,Egypt
152,,,85115,,Egypt
153,,,13392,Cairo,Egypt
154,Ali,Shaker,20301,Kafr El-Sheikh,Egypt
155,,Nasr,96363,Luxor,Egypt
156,,,88036,,Egypt
157,,El-Naggar,88454,,Egypt
158,Ahmed,,21374,Damietta,Egypt
159,Heba,El-Deeb,20941,Aswan,Egypt
160,,Fathy,23327,,Egypt
161,Asmaa,,14156,Alexandria,Egypt
162,Mahmoud,Nasr,59665,Kafr El-Sheikh,Egypt
163,,El-Gamal,45042,,Egypt
164,,El-Naggar,26257,Mansoura,Egypt
165,,El-Naggar,30393,El-Mahalla El-Kubra,Egypt
166,,,65959,Sohag,Egypt
167,Doaa,,15072,,Egypt
168,Samy,El-Sharif,47969,Red Sea,Egypt
169,Heba,,58695,,Egypt
170,Ibrahim,,86552,Luxor,Egypt
171,,Fathy,18666,Alexandria,Egypt
172,Mahmoud,,29976,El-Mahalla El-Kubra,Egypt
173,Samy,,98269,,Egypt
174,Hassan,Abdel-Magid,64248,Helwan,Egypt
175,,Abdel-Nabi,33581,,Egypt
176,Amr,,48705,South Sinai,Egypt
177,Tarek,,43948,,Egypt
178,,Afifi,11571,,Egypt
179,,,81768,Alexandria,Egypt
180,Mahmoud,El-Gamal,67811,Matrouh,Egypt
181,Rania,Abdel-Rahman,82341,Cairo,Egypt
182,Hany,,61577,Alexandria,Egypt
183,Mohamed,El-Deeb,58376,Luxor,Egypt
184,Hassan,Afifi,29427,Asyut,Egypt
185,Nour,Abdel-Nabi,45305,Beni Suef,Egypt
186,,El-Sharif,56993,Cairo,Egypt
187,,,49180,Kafr El-Sheikh,Egypt
188,,Abdel-Hamid,91103,,Egypt
189,Mohamed,,21403,,Egypt
190,Doaa,,15210,,Egypt
191,,Fathy,34572,,Egypt
192,Samar,El-Sharif,45798,Damietta,Egypt
193,Omar,El-Sharif,59205,South Sinai,Egypt
194,Ibrahim,Ramadan,89638,Tanta,Egypt
195,,Abdel-Rahman,49951,Giza,Egypt
196,Ahmed,Nasr,33882,,Egypt
197,,,26945,Aswan,Egypt
198,Khaled,,38236,,Egypt
199,Hassan,El-Sayed,35212,,Egypt
200,Omar,,71107,Minya,Egypt
201,Doaa,Shaker,98893,Minya,Egypt
202,Ali,Abdel-Hamid,33343,,Egypt
203,Ibrahim,Hassan,74558,Zagazig,Egypt
204,,,82103,Cairo,Egypt
205,,El-Sharif,93343,Luxor,Egypt
206,Khaled,Abdel-Rahman,52481,Minya,Egypt
207,,Fathy,20585,,Egypt
208,Tarek,Abdallah,91666,Beni Suef,Egypt
209,Ali,,19255,Shubra El-Kheima,Egypt
210,Mona,,13387,,Egypt
211,Ibrahim,,99736,Damietta,Egypt
212,Ali,,87058,Ismailia,Egypt
213,Hany,El-Sharif,86582,Aswan,Egypt
214,Ahmed,Fathy,56577,Mansoura,Egypt
215,Samar,,21150,Aswan,Egypt
216,Mahmoud,,40182,Tanta,Egypt
217,Nadia,,64314,Minya,Egypt
218,,,35593,,Egypt
219,Asmaa,Abdallah,91881,,Egypt
220,Hassan,El-Gamal,29726,,Egypt
221,,El-Sharif,44427,Minya,Egypt
222,Samy,,17952,,Egypt
223,Doaa,,51953,El-Mahalla El-Kubra,Egypt
224,Khaled,,23455,El-Mahalla El-Kubra,Egypt
225,Mostafa,El-Naggar,90914,,Egypt
226,,Abdallah,16073,North Sinai,Egypt
227,Yasser,Afifi,89525,Cairo,Egypt
228,Hany,,33929,,Egypt
229,Tarek,,75799,Giza,Egypt
230,Asmaa,Abdel-Aziz,64610,Giza,Egypt
231,Omar,El-Sayed,92588,,Egypt
232,Heba,,24384,,Egypt
233,Ali,Nasr,40584,,Egypt
234,Mahmoud,,24191,Red Sea,Egypt
235,Hassan,El-Sayed,94444,New Valley,Egypt
236,Omar,,96960,Luxor,Egypt
237,,,83576,,Egypt
238,Fatma,Abdel-Aziz,50079,,Egypt
239,Mohamed,Abdel-Nabi,76740,Port Said,Egypt
240,Tarek,,68649,Red Sea,Egypt
241,,El-Gamal,21948,,Egypt
242,,Abdallah,64170,,Egypt
243,Fatma,,29575,,Egypt
244,Ali,El-Sayed,48180,North Sinai,Egypt
245,Nadia,Abdallah,84939,New Valley,Egypt
246,,Shaker,47045,South Sinai,Egypt
247,Reem,Abdel-Hamid,23498,Cairo,Egypt
248,Mahmoud,Ibrahim,98748,Shubra El-Kheima,Egypt
249,,Abdel-Hamid,29572,Port Said,Egypt
250,Nadia,Abdel-Aziz,20471,,Egypt
251,Rania,Fathy,37195,Giza,Egypt
252,,El-Sayed,12661,Aswan,Egypt
253,,,32038,Port Said,Egypt
254,Tarek,El-Gamal,59956,Suez,Egypt
255,Sara,,85668,,Egypt
256,Ahmed,,22902,Ismailia,Egypt
257,,,96448,,Egypt
258,,Abdel-Aziz,46115,,Egypt
259,,El-Sharif,83989,,Egypt
260,Samar,El-Naggar,75750,Luxor,Egypt
261,,,15800,El-Mahalla El-Kubra,Egypt
262,Nour,,77611,,Egypt
263,,,86554,Tanta,Egypt
264,,,12036,,Egypt
265,Ali,,14635,Sohag,Egypt
266,Hussein,Abdel-Rahman,98976,,Egypt
267,,Hussein,42030,New Valley,Egypt
268,,Abdel-Aziz,60112,Ismailia,Egypt
269,Hany,,33018,,Egypt
270,Nour,Ramadan,94694,,Egypt
271,,Nasr,22561,Matrouh,Egypt
272,Amr,El-Sayed,94809,,Egypt
273,Hassan,,32120,Helwan,Egypt
274,Omar,,90666,,Egypt
275,Asmaa,El-Deeb,86242,El-Mahalla El-Kubra,Egypt
276,,,70009,Port Said,Egypt
277,Yasser,Abdel-Nabi,11829,,Egypt
278,Mohamed,Abdel-Rahman,83488,,Egypt
279,Khaled,Abdel-Magid,12218,,Egypt
280,Ibrahim,,72806,,Egypt
281,Samy,Afifi,99823,,Egypt
282,Ahmed,,17703,Ismailia,Egypt
283,Hassan,El-Deeb,64398,Aswan,Egypt
284,,Abdel-Aziz,23106,,Egypt
285,Shaimaa,,59935,,Egypt
286,Amr,Afifi,96775,,Egypt
287,Amr,El-Sayed,33385,,Egypt
288,Yasser,,94583,,Egypt
289,,Nasr,31208,,Egypt
290,Ahmed,El-Sayed,50263,Suez,Egypt
291,,Abdel-Nabi,87087,Mansoura,Egypt
292,,,72185,Red Sea,Egypt
293,Khaled,El-Gamal,90012,,Egypt
294,Khaled,,58100,Suez,Egypt
295,Ali,,16918,,Egypt
296,Hussein,,89168,Ismailia,Egypt
297,Omar,,99414,,Egypt
298,Hassan,,88956,,Egypt
299,Samy,Abdel-Magid,62828,El-Mahalla El-Kubra,Egypt
300,Reem,El-Naggar,65749,Qena,Egypt
301,Hassan,El-Sayed,21928,,Egypt
302,Nadia,,79853,Kafr El-Sheikh,Egypt
303,,,44046,Minya,Egypt
304,Mahmoud,Nasr,72916,Ismailia,Egypt
305,Ali,El-Sharif,58213,El-Mahalla El-Kubra,Egypt
306,,Abdel-Magid,80904,Giza,Egypt
307,Amr,Abdallah,81299,,Egypt
308,Reem,El-Naggar,12351,Alexandria,Egypt
309,,,60058,,Egypt
310,,El-Naggar,26779,Red Sea,Egypt
311,,El-Gamal,16309,,Egypt
312,Ibrahim,,60504,Mansoura,Egypt
313,Ali,Shaker,52529,,Egypt
314,Mostafa,Abdel-Hamid,63407,,Egypt
315,,,69687,Matrouh,Egypt
316,Mona,,92083,,Egypt
317,Mahmoud,El-Naggar,84349,,Egypt
318,Nour,,83547,Faiyum,Egypt
319,,,67511,,Egypt
320,Mohamed,,35121,,Egypt
321,Khaled,,73479,Qena,Egypt
322,Fatma,,64181,,Egypt
323,Tarek,Nasr,96761,Sohag,Egypt
324,Ali,,94978,Faiyum,Egypt
325,Hany,El-Gamal,18286,Cairo,Egypt
326,,Abdallah,61197,Suez,Egypt
327,Doaa,,43915,Qena,Egypt
328,Khaled,El-Sharif,79362,Beni Suef,Egypt
329,,,57253,,Egypt
330,Sara,El-Sharif,90125,,Egypt
331,Yasser,Afifi,77816,,Egypt
332,,,80213,,Egypt
333,Nadia,,97894,,Egypt
334,,,45064,Zagazig,Egypt
335,Amr,El-Naggar,14095,Port Said,Egypt
336,Fatma,,67545,Zagazig,Egypt
337,,Abdallah,34301,Port Said,Egypt
338,Khaled,,97247,,Egypt
339,,,39369,Tanta,Egypt
340,Nadia,Shaker,98507,Giza,Egypt
341,,Abdel-Magid,39300,,Egypt
342,Mostafa,,91725,New Valley,Egypt
343,,,73395,,Egypt
344,Hany,,70538,Red Sea,Egypt
345,,Abdel-Rahman,94196,Minya,Egypt
346,Hassan,,34373,Qena,Egypt
347,Hassan,Hussein,18688,,Egypt
348,,,91496,,Egypt
349,Rania,,99080,South Sinai,Egypt
350,,El-Naggar,14536,Ismailia,Egypt
351,,,47880,Cairo,Egypt
352,,Abdel-Hamid,30149,,Egypt
353,Amr,Abdel-Rahman,52510,Aswan,Egypt
354,Hend,,17549,Tanta,Egypt
355,,El-Gamal,30856,Suez,Egypt
356,Nadia,Nasr,54627,Zagazig,Egypt
357,Dina,,70305,Asyut,Egypt
358,Ali,Saleh,38191,,Egypt
359,Hassan,,45159,El-Mahalla El-Kubra,Egypt
360,Hassan,,44259,,Egypt
361,,Abdel-Rahman,35708,,Egypt
362,,Shaker,38120,,Egypt
363,Tarek,Abdallah,16097,,Egypt
364,,El-Deeb,84469,Cairo,Egypt
365,,Abdel-Magid,62817,Suez,Egypt
366,Nour,El-Sharif,95327,Shubra El-Kheima,Egypt
367,,Abdallah,71249,,Egypt
368,,,36626,Red Sea,Egypt
369,Yasser,,17120,Beni Suef,Egypt
370,Mona,,83292,Suez,Egypt
371,Hassan,,65539,Kafr El-Sheikh,Egypt
372,Naira,Fathy,55604,,Egypt
373,Fatma,Abdel-Magid,62946,Faiyum,Egypt
374,Mohamed,,83956,,Egypt
375,,El-Gamal,77454,,Egypt
376,Shaimaa,,47856,Shubra El-Kheima,Egypt
377,Ibrahim,,50821,,Egypt
378,,,65605,,Egypt
379,,El-Gamal,15059,Alexandria,Egypt
380,,El-Sharif,30297,Minya,Egypt
381,Mahmoud,El-Sharif,88264,,Egypt
382,Ahmed,Abdallah,22359,Mansoura,Egypt
383,Yasser,,52094,,Egypt
384,Samy,Saleh,97760,,Egypt
385,,,55807,,Egypt
386,Asmaa,,74568,,Egypt
387,Amr,,10085,,Egypt
388,,,72743,,Egypt
389,,,31102,South Sinai,Egypt
390,Ahmed,,74148,Damietta,Egypt
391,,,37243,,Egypt
392,,Afifi,49228,Red Sea,Egypt
393,Amr,Afifi,30646,,Egypt
394,Doaa,Afifi,38915,Cairo,Egypt
395,Asmaa,,18307,Shubra El-Kheima,Egypt
396,Asmaa,Afifi,26906,,Egypt
397,,El-Sharif,69113,Faiyum,Egypt
398,,,45581,Giza,Egypt
399,,,15273,Ismailia,Egypt
400,,Afifi,33356,Mansoura,Egypt
401,Ahmed,Afifi,27033,,Egypt
402,Naira,,71533,Port Said,Egypt
403,,,58193,Shubra El-Kheima,Egypt
404,Dina,,74652,Ismailia,Egypt
405,,Abdel-Hamid,14449,,Egypt
406,Khaled,Abdel-Nabi,44297,Suez,Egypt
407,Dina,,11114,,Egypt
408,Rania,,12008,,Egypt
409,Amr,,22255,,Egypt
410,Hassan,,91121,Asyut,Egypt
411,Mona,,59965,,Egypt
412,,,62543,,Egypt
413,,El-Sharif,25738,,Egypt
414,Mahmoud,Abdel-Aziz,17690,,Egypt
415,Samy,,16488,,Egypt
416,,,19912,,Egypt
417,,Ibrahim,76169,Alexandria,Egypt
418,Hany,,86044,Damietta,Egypt
419,,Fathy,12757,Port Said,Egypt
420,,Abdel-Magid,65909,Suez,Egypt
421,Heba,,27245,,Egypt
422,,Ibrahim,28190,,Egypt
423,Hany,,96968,Asyut,Egypt
424,,Ibrahim,53280,,Egypt
425,Mostafa,El-Deeb,35834,Port Said,Egypt
426,,Abdel-Rahman,87054,,Egypt
427,Omar,Hussein,31788,,Egypt
428,Ibrahim,,64990,,Egypt
429,Hussein,El-Sayed,89475,Tanta,Egypt
430,,,88464,,Egypt
431,Naira,Abdallah,68104,,Egypt
432,Fatma,Abdallah,68668,Alexandria,Egypt
433,,El-Sharif,67486,Giza,Egypt
434,,,70042,Tanta,Egypt
435,Ahmed,El-Sayed,49043,,Egypt
436,Ali,El-Gamal,79158,Giza,Egypt
437,,Saleh,36147,,Egypt
438,,Abdel-Hamid,73204,,Egypt
439,,Fathy,74975,Zagazig,Egypt
440,Nour,El-Naggar,30055,Cairo,Egypt
441,,El-Naggar,80089,Mansoura,Egypt
442,Dina,,41050,Aswan,Egypt
443,Tarek,,57392,,Egypt
444,,El-Sayed,89272,,Egypt
445,,Afifi,57758,,Egypt
446,Fatma,,98441,Luxor,Egypt
447,Shaimaa,El-Sharif,44250,,Egypt
448,Nadia,,14066,,Egypt
449,Ali,,93162,,Egypt
450,Asmaa,Abdel-Magid,77414,Beni Suef,Egypt
451,Sara,,93186,,Egypt
452,Fatma,,26126,,Egypt
453,Shaimaa,Abdel-Nabi,69498,,Egypt
454,Tarek,Hussein,73066,Luxor,Egypt
455,,,35525,,Egypt
456,,,56966,Giza,Egypt
457,,Ibrahim,66603,,Egypt
458,Omar,Ibrahim,45928,,Egypt
459,,,31922,,Egypt
460,,Ibrahim,37424,Luxor,Egypt
461,Fatma,Shaker,46520,,Egypt
462,Ahmed,Nasr,77519,,Egypt
463,Fatma,,21602,,Egypt
464,Shaimaa,El-Sharif,87032,Alexandria,Egypt
465,Amr,,59896,Shubra El-Kheima,Egypt
466,Yasser,Hussein,61157,Helwan,Egypt
467,Tarek,Abdel-Nabi,72630,Shubra El-Kheima,Egypt
468,Ahmed,,78793,,Egypt
469,Ahmed,,12094,Zagazig,Egypt
470,Doaa,Hussein,98078,Faiyum,Egypt
471,Yasser,,43689,,Egypt
472,,,24823,Suez,Egypt
473,Khaled,Shaker,87116,,Egypt
474,,Abdel-Nabi,66839,Mansoura,Egypt
475,Ahmed,,71960,,Egypt
476,Hassan,Afifi,26260,Zagazig,Egypt
477,Hassan,El-Sayed,75653,Faiyum,Egypt
478,Hend,,64332,,Egypt
479,Tarek,,36821,,Egypt
480,Shaimaa,Shaker,84149,,Egypt
481,Ahmed,,24422,Qena,Egypt
482,,,49536,Mansoura,Egypt
483,,,44296,Suez,Egypt
484,Reem,Saleh,67087,,Egypt
485,Ali,Shaker,40217,South Sinai,Egypt
486,,Fathy,58715,North Sinai,Egypt
487,Hussein,,25054,,Egypt
488,Omar,Ramadan,20567,Giza,Egypt
489,,,81067,Matrouh,Egypt
490,,Shaker,15911,,Egypt
491,Khaled,,54841,Damietta,Egypt
492,Sara,Abdel-Hamid,19175,Alexandria,Egypt
493,Samar,,17350,Cairo,Egypt
494,Mahmoud,,80560,,Egypt
495,Amr,,30571,Aswan,Egypt
496,,,33447,,Egypt
497,Mahmoud,,36741,Cairo,Egypt
498,,,91970,,Egypt
499,Yasser,Afifi,84356,Kafr El-Sheikh,Egypt
500,,,89516,Damietta,Egypt
501,Nour,Hassan,59580,,Egypt
502,Yasser,,20849,,Egypt
503,Reem,,61296,,Egypt
504,Dina,Abdel-Hamid,56533,,Egypt
505,,Abdel-Nabi,16346,New Valley,Egypt
506,Sara,,32663,,Egypt
507,Sara,,34627,Giza,Egypt
508,Omar,El-Sayed,71943,,Egypt
509,,El-Naggar,20024,Cairo,Egypt
510,,El-Sharif,41662,Zagazig,Egypt
511,Shaimaa,,86879,Alexandria,Egypt
512,,,95924,,Egypt
513,,,65859,Mansoura,Egypt
514,Reem,,74648,,Egypt
515,,Abdel-Hamid,29146,,Egypt
516,Ahmed,Shaker,39534,North Sinai,Egypt
517,Mona,Abdel-Magid,90396,,Egypt
518,,,12367,,Egypt
519,Yasser,,58928,Alexandria,Egypt
520,Mohamed,Abdel-Rahman,79141,,Egypt
521,Tarek,,68493,,Egypt
522,Omar,,86048,Matrouh,Egypt
523,Samy,,24295,Ismailia,Egypt
524,Khaled,Ramadan,73209,Shubra El-Kheima,Egypt
525,,,78565,Sohag,Egypt
526,Asmaa,Abdel-Aziz,99873,Shubra El-Kheima,Egypt
527,Reem,,30827,,Egypt
528,Hassan,,35676,Giza,Egypt
529,Ali,Abdallah,28165,Luxor,Egypt
530,Hany,Abdel-Aziz,95259,Minya,Egypt
531,,,22222,Faiyum,Egypt
532,Samar,,53713,,Egypt
533,,El-Gamal,34147,,Egypt
534,Hussein,El-Sharif,52061,Tanta,Egypt
535,Ibrahim,El-Naggar,75275,New Valley,Egypt
536,Doaa,,51277,,Egypt
537,,Fathy,86703,North Sinai,Egypt
538,Hussein,El-Sayed,58228,,Egypt
539,Hany,Nasr,62888,,Egypt
540,Sara,Shaker,45950,,Egypt
541,,El-Deeb,19530,,Egypt
542,Fatma,,14252,Cairo,Egypt
543,Hend,El-Deeb,99569,,Egypt
544,,,54711,New Valley,Egypt
545,Naira,,48436,North Sinai,Egypt
546,,El-Sayed,97002,North Sinai,Egypt
547,,,79517,,Egypt
548,,,23779,Shubra El-Kheima,Egypt
549,Tarek,,99119,Giza,Egypt
550,Rania,,64137,Asyut,Egypt
551,Omar,Afifi,64177,,Egypt
552,,El-Sharif,75587,,Egypt
553,,Abdel-Rahman,52543,Kafr El-Sheikh,Egypt
554,Hany,Hassan,89651,,Egypt
555,Ahmed,Saleh,31111,Damietta,Egypt
556,,Shaker,32698,,Egypt
557,,Afifi,33231,Damietta,Egypt
558,Tarek,Hussein,66419,Minya,Egypt
559,,El-Sharif,25411,,Egypt
560,Amr,,30290,Sohag,Egypt
561,Ibrahim,,13604,,Egypt
562,,,31552,Suez,Egypt
563,Mostafa,,43089,Alexandria,Egypt
564,Dina,,34037,,Egypt
565,Nadia,,92798,Damietta,Egypt
566,,,14972,Port Said,Egypt
567,Mona,,84137,Minya,Egypt
568,Yasser,El-Naggar,10364,,Egypt
569,Doaa,El-Sayed,34373,Kafr El-Sheikh,Egypt
570,Heba,,45041,,Egypt
571,,Afifi,23860,Port Said,Egypt
572,Asmaa,Abdel-Aziz,92524,North Sinai,Egypt
573,Hany,El-Sharif,42191,,Egypt
574,Khaled,,97203,Zagazig,Egypt
575,Ahmed,,65613,Asyut,Egypt
576,,,99667,Shubra El-Kheima,Egypt
577,Shaimaa,,36377,El-Mahalla El-Kubra,Egypt
578,Hussein,El-Sayed,46927,,Egypt
579,Omar,El-Sharif,91138,,Egypt
580,,Abdel-Rahman,54231,,Egypt
581,Mahmoud,El-Gamal,58268,Tanta,Egypt
582,Hassan,El-Sharif,61368,,Egypt
583,Yasser,El-Sharif,88740,Matrouh,Egypt
584,Hussein,El-Deeb,55388,Luxor,Egypt
585,Hany,,68873,Ismailia,Egypt
586,Mahmoud,,87284,,Egypt
587,Rania,,60103,Suez,Egypt
588,Hussein,Shaker,86145,New Valley,Egypt
589,,,37580,,Egypt
590,Shaimaa,El-Gamal,60278,Tanta,Egypt
591,Fatma,El-Deeb,67549,,Egypt
592,Fatma,,78583,,Egypt
593,Yasser,,22518,,Egypt
594,Mahmoud,,56098,Sohag,Egypt
595,Mahmoud,,72223,,Egypt
596,,,13119,,Egypt
597,Hany,,30177,Port Said,Egypt
598,Mohamed,Saleh,14184,,Egypt
599,Hassan,Nasr,43981,Ismailia,Egypt
600,,El-Sharif,49136,,Egypt
601,,El-Naggar,58091,Aswan,Egypt
602,Hussein,,86346,,Egypt
603,Samy,,29487,Asyut,Egypt
604,Ali,,86881,,Egypt
605,Nadia,,65273,Matrouh,Egypt
606,Yasser,Hassan,30915,Mansoura,Egypt
607,Samar,El-Sayed,59715,,Egypt
608,Ali,,60394,,Egypt
609,Mahmoud,Abdel-Aziz,63533,,Egypt
610,,,33362,,Egypt
611,,,77187,Mansoura,Egypt
612,Hany,Abdel-Nabi,22083,Shubra El-Kheima,Egypt
613,Amr,,78572,Alexandria,Egypt
614,Doaa,,75855,Luxor,Egypt
615,Hassan,El-Sayed,33108,Beni Suef,Egypt
616,,,96271,Ismailia,Egypt
617,,,80185,South Sinai,Egypt
618,Mona,,17266,Red Sea,Egypt
619,,El-Sharif,74589,,Egypt
620,Mostafa,Shaker,17165,South Sinai,Egypt
621,Sara,,34552,,Egypt
622,Amr,El-Deeb,14041,,Egypt
623,Mohamed,Abdel-Magid,63333,,Egypt
624,,El-Naggar,13042,Kafr El-Sheikh,Egypt
625,Samy,Abdel-Nabi,27126,,Egypt
626,Fatma,,47712,Alexandria,Egypt
627,Ibrahim,Saleh,92944,Qena,Egypt
628,Omar,Ramadan,59928,Sohag,Egypt
629,,Abdel-Rahman,13196,,Egypt
630,Nour,Abdel-Nabi,73426,Tanta,Egypt
631,Asmaa,Abdel-Aziz,60777,Helwan,Egypt
632,,,78768,Matrouh,Egypt
633,Samar,,45064,Cairo,Egypt
634,,Saleh,88368,Sohag,Egypt
635,Mostafa,,66502,Zagazig,Egypt
636,Tarek,,18243,Cairo,Egypt
637,Hussein,El-Sharif,54833,Giza,Egypt
638,Mahmoud,Abdallah,39695,,Egypt
639,,El-Deeb,57384,,Egypt
640,Khaled,Abdel-Rahman,12287,Asyut,Egypt
641,Fatma,Afifi,80459,Shubra El-Kheima,Egypt
642,Dina,,14929,,Egypt
643,,Hussein,10730,Matrouh,Egypt
644,Hassan,Saleh,37286,,Egypt
645,Shaimaa,Nasr,77490,,Egypt
646,Mahmoud,,52269,,Egypt
647,,Nasr,83736,,Egypt
648,Sara,,15708,,Egypt
649,,,89662,Aswan,Egypt
650,Hany,,49325,Sohag,Egypt
651,,,71247,Asyut,Egypt
652,Hassan,Abdel-Magid,24049,,Egypt
653,Yasser,El-Naggar,68427,,Egypt
654,,Abdel-Aziz,67024,Suez,Egypt
655,Dina,Fathy,41409,Faiyum,Egypt
656,Asmaa,,57203,,Egypt
657,,,44804,Port Said,Egypt
658,Samar,,96218,,Egypt
659,,,78262,Minya,Egypt
660,,,97708,Matrouh,Egypt
661,,,79496,,Egypt
662,Heba,,67351,,Egypt
663,Yasser,,13417,Beni Suef,Egypt
664,Hassan,,18966,,Egypt
665,Hassan,Saleh,45897,Sohag,Egypt
666,Khaled,,84937,Tanta,Egypt
667,Asmaa,Abdel-Rahman,30769,Asyut,Egypt
668,Ibrahim,El-Deeb,73718,,Egypt
669,,El-Sharif,88038,Asyut,Egypt
670,Yasser,Abdel-Magid,86282,,Egypt
671,,Abdel-Nabi,31073,,Egypt
672,,,58867,Damietta,Egypt
673,Fatma,Abdel-Magid,73347,,Egypt
674,Fatma,El-Sayed,73700,,Egypt
675,Mona,Abdel-Rahman,86341,,Egypt
676,,,83254,,Egypt
677,,,36030,Shubra El-Kheima,Egypt
678,Mahmoud,Afifi,13378,Suez,Egypt
679,Mahmoud,El-Sharif,99910,Qena,Egypt
680,Hend,,21213,Asyut,Egypt
681,Hassan,,35805,Minya,Egypt
682,Yasser,,69827,,Egypt
683,,,91366,Cairo,Egypt
684,,,92438,,Egypt
685,,Hassan,35714,,Egypt
686,Mohamed,Abdallah,85668,,Egypt
687,,,21353,,Egypt
688,Nour,,94922,,Egypt
689,Mahmoud,El-Naggar,61173,,Egypt
690,Tarek,,35690,,Egypt
691,Samy,,30350,South Sinai,Egypt
692,,,59453,Cairo,Egypt
693,Heba,Shaker,73155,,Egypt
694,Hend,Abdel-Nabi,83969,Faiyum,Egypt
695,,Ibrahim,61792,,Egypt
696,,,76859,Port Said,Egypt
697,Ali,,37865,,Egypt
698,Dina,,20425,Faiyum,Egypt
699,Nour,Ibrahim,97711,Qena,Egypt
700,Mahmoud,,10663,Alexandria,Egypt
701,Mahmoud,El-Sharif,89068,,Egypt
702,Tarek,,87563,Faiyum,Egypt
703,Omar,El-Sharif,13816,,Egypt
704,Heba,Saleh,46821,Giza,Egypt
705,Ali,Nasr,18459,,Egypt
706,,,52934,,Egypt
707,Samy,El-Sayed,35471,,Egypt
708,Hend,Abdel-Nabi,36888,,Egypt
709,,El-Deeb,38182,Matrouh,Egypt
710,Hany,,92397,,Egypt
711,,Nasr,93337,Mansoura,Egypt
712,Mahmoud,,19466,El-Mahalla El-Kubra,Egypt
713,,,18230,Kafr El-Sheikh,Egypt
714,Hend,Abdel-Magid,60035,,Egypt
715,Yasser,Fathy,71252,Alexandria,Egypt
716,,,73917,,Egypt
717,Khaled,Abdallah,46445,Damietta,Egypt
718,Heba,,95437,,Egypt
719,Mohamed,,59258,,Egypt
720,,Abdel-Aziz,37992,Cairo,Egypt
721,Omar,,48408,Tanta,Egypt
722,,El-Sharif,79469,Shubra El-Kheima,Egypt
723,,El-Gamal,12725,El-Mahalla El-Kubra,Egypt
724,Reem,Ramadan,80890,,Egypt
725,Mohamed,El-Sayed,96496,Shubra El-Kheima,Egypt
726,Mohamed,,92218,,Egypt
727,Tarek,,88742,Helwan,Egypt
728,,Ibrahim,82663,,Egypt
729,Nour,El-Gamal,20953,,Egypt
730,,Saleh,77469,Damietta,Egypt
731,Hany,,61204,Damietta,Egypt
732,,,26501,Mansoura,Egypt
733,,Abdallah,87513,,Egypt
734,Heba,Abdel-Magid,31614,Alexandria,Egypt
735,Omar,,31997,Asyut,Egypt
736,Mohamed,,13840,New Valley,Egypt
737,,El-Sharif,44898,,Egypt
738,Hend,Abdel-Aziz,58932,,Egypt
739,,,73839,,Egypt
740,,,83856,,Egypt
741,,Shaker,36438,,Egypt
742,Mohamed,,79253,Shubra El-Kheima,Egypt
743,,,60083,,Egypt
744,,,25491,Port Said,Egypt
745,Nour,,24956,Port Said,Egypt
746,Hassan,Abdel-Nabi,55831,,Egypt
747,Amr,El-Naggar,53175,El-Mahalla El-Kubra,Egypt
748,Rania,Abdallah,21361,North Sinai,Egypt
749,Hany,,69818,Port Said,Egypt
750,Rania,Ramadan,41245,,Egypt
751,,Shaker,29216,Beni Suef,Egypt
752,,Nasr,63442,Suez,Egypt
753,,Hassan,33317,Giza,Egypt
754,Ahmed,,69817,Giza,Egypt
755,,,31335,,Egypt
756,Yasser,,19993,,Egypt
757,Mohamed,,49018,,Egypt
758,Mona,Hussein,25921,,Egypt
759,,,63368,Minya,Egypt
760,,Afifi,15488,Aswan,Egypt
761,Ali,Abdel-Rahman,50414,,Egypt
762,,El-Sharif,34745,,Egypt
763,,,57204,North Sinai,Egypt
764,,Abdel-Aziz,42216,Beni Suef,Egypt
765,Mona,Shaker,85035,,Egypt
766,Yasser,Nasr,36224,Kafr El-Sheikh,Egypt
767,,Abdel-Nabi,68255,Kafr El-Sheikh,Egypt
768,Ali,El-Naggar,52066,,Egypt
769,Ibrahim,,74323,Tanta,Egypt
770,Ibrahim,Abdel-Hamid,68123,Minya,Egypt
771,Yasser,,71319,Matrouh,Egypt
772,Ibrahim,,86306,,Egypt
773,Heba,El-Deeb,94742,Shubra El-Kheima,Egypt
774,,,71853,,Egypt
775,Tarek,,83644,Giza,Egypt
776,Yasser,,67336,Sohag,Egypt
777,,,86906,Giza,Egypt
778,,Ibrahim,37020,,Egypt
779,,,84202,Beni Suef,Egypt
780,Nadia,,71857,,Egypt
781,Ali,El-Gamal,10075,Alexandria,Egypt
782,Naira,,67781,,Egypt
783,,,36682,,Egypt
784,Ibrahim,El-Sayed,93207,Cairo,Egypt
785,Fatma,,99472,,Egypt
786,Hend,El-Sayed,83610,,Egypt
787,,Ramadan,68882,,Egypt
788,,El-Sharif,28835,Qena,Egypt
789,Ahmed,El-Gamal,85918,Helwan,Egypt
790,,,33374,,Egypt
791,Doaa,El-Sharif,65857,,Egypt
792,,El-Sharif,93323,,Egypt
793,Naira,Fathy,35520,,Egypt
794,Mahmoud,,82498,Shubra El-Kheima,Egypt
795,,,91412,Port Said,Egypt
796,Ahmed,Abdel-Aziz,19764,,Egypt
797,Doaa,,53707,,Egypt
798,Mohamed,,34926,Alexandria,Egypt
799,,El-Sayed,23112,Shubra El-Kheima,Egypt
800,Nadia,Abdallah,65086,,Egypt
801,,Abdel-Nabi,59655,Shubra El-Kheima,Egypt
802,,El-Sayed,16489,Kafr El-Sheikh,Egypt
803,Khaled,Shaker,62289,North Sinai,Egypt
804,Hend,,83497,,Egypt
805,Tarek,El-Naggar,53659,El-Mahalla El-Kubra,Egypt
806,,,12346,New Valley,Egypt
807,Rania,Afifi,11271,El-Mahalla El-Kubra,Egypt
808,Omar,Nasr,42434,,Egypt
809,Omar,El-Deeb,76701,Qena,Egypt
810,,Shaker,76509,Mansoura,Egypt
811,Hassan,Nasr,92630,,Egypt
812,Naira,Ramadan,39153,,Egypt
813,,Nasr,91814,Tanta,Egypt
814,Ahmed,,88698,Alexandria,Egypt
815,Mahmoud,Abdel-Hamid,11092,New Valley,Egypt
816,Ibrahim,,75601,,Egypt
817,Naira,Hussein,28313,Kafr El-Sheikh,Egypt
818,,,18138,,Egypt
819,,,46895,Qena,Egypt
820,,Abdel-Nabi,52689,Shubra El-Kheima,Egypt
821,Ahmed,,42809,,Egypt
822,Tarek,Afifi,20459,Giza,Egypt
823,,,19425,Port Said,Egypt
824,,,33200,,Egypt
825,,El-Sayed,31090,,Egypt
826,Ahmed,Abdel-Hamid,70245,Cairo,Egypt
827,Nadia,,15501,,Egypt
828,Nour,El-Deeb,37345,,Egypt
829,Doaa,Nasr,98452,Aswan,Egypt
830,Hany,Abdallah,78808,Zagazig,Egypt
831,Tarek,El-Sayed,73521,Giza,Egypt
832,Heba,Ramadan,79845,Kafr El-Sheikh,Egypt
833,Ali,Hussein,32087,,Egypt
834,Tarek,Abdallah,60218,,Egypt
835,,El-Deeb,47955,Ismailia,Egypt
836,Mostafa,,93419,Tanta,Egypt
837,,El-Sayed,58624,Ismailia,Egypt
838,Hend,,30172,Tanta,Egypt
839,Fatma,,43857,,Egypt
840,Omar,,77581,,Egypt
841,Yasser,El-Deeb,90585,North Sinai,Egypt
842,,,80008,Alexandria,Egypt
843,Khaled,,75836,Mansoura,Egypt
844,,Hassan,39685,El-Mahalla El-Kubra,Egypt
845,Reem,El-Naggar,98831,Giza,Egypt
846,Ahmed,,35704,Giza,Egypt
847,,Hussein,68756,Alexandria,Egypt
848,,El-Sharif,21546,,Egypt
849,,Abdel-Rahman,86004,Luxor,Egypt
850,Naira,,98560,Matrouh,Egypt
851,Asmaa,El-Sayed,82641,,Egypt
852,,,89172,,Egypt
853,,El-Sharif,84653,Mansoura,Egypt
854,Dina,Abdallah,61770,Kafr El-Sheikh,Egypt
855,,Afifi,39850,Cairo,Egypt
856,,Hussein,32849,Minya,Egypt
857,,El-Deeb,10996,El-Mahalla El-Kubra,Egypt
858,,,30338,,Egypt
859,,Ramadan,80803,North Sinai,Egypt
860,,,65981,Ismailia,Egypt
861,Mohamed,El-Gamal,16434,Tanta,Egypt
862,,Saleh,11533,,Egypt
863,,Abdallah,47828,,Egypt
864,Fatma,,21849,Port Said,Egypt
865,Tarek,Ramadan,20587,Suez,Egypt
866,,Nasr,13317,Port Said,Egypt
867,Ahmed,El-Sayed,75323,South Sinai,Egypt
868,Khaled,Afifi,37829,,Egypt
869,,,44806,,Egypt
870,Ali,,87316,Faiyum,Egypt
871,Hend,Abdel-Rahman,23074,Mansoura,Egypt
872,Dina,,57697,,Egypt
873,,,32917,,Egypt
874,,,61737,,Egypt
875,,Nasr,82281,,Egypt
876,Hussein,Saleh,76115,,Egypt
877,Hend,Hussein,38552,Tanta,Egypt
878,,,92090,Alexandria,Egypt
879,,Abdel-Aziz,85648,,Egypt
880,,Abdallah,78229,Faiyum,Egypt
881,Amr,,55271,Suez,Egypt
882,Asmaa,Ibrahim,35291,Kafr El-Sheikh,Egypt
883,Khaled,,15766,,Egypt
884,Amr,,64312,,Egypt
885,Mostafa,El-Naggar,44851,Qena,Egypt
886,,,97839,,Egypt
887,,,92367,Cairo,Egypt
888,Samar,,49462,Zagazig,Egypt
889,,El-Sharif,78403,,Egypt
890,,Abdel-Aziz,48468,,Egypt
891,Hussein,El-Deeb,31887,Tanta,Egypt
892,Ibrahim,,15048,,Egypt
893,Hend,El-Gamal,90975,Luxor,Egypt
894,Ibrahim,El-Naggar,41492,Tanta,Egypt
895,Ali,El-Deeb,90399,Sohag,Egypt
896,,,75909,,Egypt
897,Omar,,95514,,Egypt
898,,El-Naggar,34936,New Valley,Egypt
899,,Abdel-Hamid,86717,,Egypt
900,Khaled,Abdel-Magid,54720,Mansoura,Egypt
901,Samy,El-Sayed,77632,El-Mahalla El-Kubra,Egypt
902,,,34699,Alexandria,Egypt
903,Shaimaa,,58129,Tanta,Egypt
904,,Abdel-Magid,39681,,Egypt
905,,,95574,,Egypt
906,Ali,Abdel-Aziz,59949,Port Said,Egypt
907,Khaled,Shaker,62850,Alexandria,Egypt
908,Doaa,,26384,,Egypt
909,Dina,Abdel-Hamid,76635,Asyut,Egypt
910,Ali,Saleh,70570,Shubra El-Kheima,Egypt
911,,El-Sharif,72770,Mansoura,Egypt
912,Hend,,26306,Zagazig,Egypt
913,Ahmed,El-Gamal,57014,,Egypt
914,Mona,El-Gamal,21908,Cairo,Egypt
915,Hussein,,68062,,Egypt
916,Tarek,,71189,Asyut,Egypt
917,,,27149,Asyut,Egypt
918,Dina,El-Gamal,17719,,Egypt
919,Mahmoud,,39825,,Egypt
920,Samy,,91710,,Egypt
921,Mostafa,Abdallah,69344,,Egypt
922,Doaa,Abdel-Magid,43082,,Egypt
923,,Abdel-Aziz,92652,,Egypt
924,Shaimaa,El-Sharif,39689,Tanta,Egypt
925,Rania,El-Sharif,80467,Faiyum,Egypt
926,Nour,,20531,,Egypt
927,Samy,El-Naggar,69771,Cairo,Egypt
928,Hussein,Fathy,13238,,Egypt
929,Hend,,98971,Tanta,Egypt
930,,Saleh,47255,Alexandria,Egypt
931,Ibrahim,El-Deeb,70423,Matrouh,Egypt
932,Mohamed,Shaker,53542,,Egypt
933,Hany,,68488,,Egypt
934,Doaa,Ramadan,61853,,Egypt
935,Mona,Hussein,89303,,Egypt
936,Khaled,Ibrahim,42440,Asyut,Egypt
937,,,65167,El-Mahalla El-Kubra,Egypt
938,Ahmed,,10335,Giza,Egypt
939,Tarek,,85354,Qena,Egypt
940,,El-Gamal,54346,,Egypt
941,,,15409,,Egypt
942,Amr,Abdallah,99975,Cairo,Egypt
943,,El-Naggar,28336,Asyut,Egypt
944,Fatma,El-Sayed,65452,Shubra El-Kheima,Egypt
945,,Afifi,15389,,Egypt
946,,,38733,,Egypt
947,Mohamed,Hassan,34673,,Egypt
948,Yasser,,52285,,Egypt
949,Nour,Hussein,26118,Luxor,Egypt
950,,,54724,Suez,Egypt
951,Fatma,,58071,Sohag,Egypt
952,,,27217,,Egypt
953,,Hassan,54660,,Egypt
954,,El-Gamal,94061,,Egypt
955,,El-Naggar,97599,,Egypt
956,,El-Deeb,24341,Alexandria,Egypt
957,,Afifi,71627,Aswan,Egypt
958,Hussein,El-Naggar,96376,,Egypt
959,Mona,,86655,Sohag,Egypt
960,Mostafa,,14199,Helwan,Egypt
961,Naira,,92288,,Egypt
962,Samy,,58632,El-Mahalla El-Kubra,Egypt
963,Doaa,,70038,Ismailia,Egypt
964,Nadia,Fathy,72481,,Egypt
965,Hend,Afifi,10242,New Valley,Egypt
966,,Afifi,54906,Ismailia,Egypt
967,Mahmoud,,90034,,Egypt
968,Doaa,Abdallah,90171,,Egypt
969,Ibrahim,,57734,Beni Suef,Egypt
970,Hussein,,81817,,Egypt
971,Mohamed,,63734,Shubra El-Kheima,Egypt
972,,,98811,Cairo,Egypt
973,,,61941,Helwan,Egypt
974,,Saleh,44276,Damietta,Egypt
975,Yasser,Shaker,29907,,Egypt
976,Nour,El-Gamal,81172,Shubra El-Kheima,Egypt
977,,El-Sayed,56888,,Egypt
978,Samy,,65454,El-Mahalla El-Kubra,Egypt
979,,,18765,,Egypt
980,,,69010,,Egypt
981,Khaled,,37173,Cairo,Egypt
982,Mahmoud,,42002,,Egypt
983,,,85125,Suez,Egypt
984,Nour,Fathy,10843,Minya,Egypt
985,,El-Naggar,83911,Zagazig,Egypt
986,Mahmoud,,62329,,Egypt
987,Hend,El-Gamal,65561,Ismailia,Egypt
988,Doaa,El-Sharif,46863,,Egypt
989,Omar,El-Sayed,90880,Mansoura,Egypt
990,Hassan,,39169,Red Sea,Egypt
991,Mona,El-Naggar,47490,,Egypt
992,,Afifi,27504,,Egypt
993,Mohamed,,10641,Tanta,Egypt
994,,El-Deeb,86531,Asyut,Egypt
995,Hany,,95931,Tanta,Egypt
996,Fatma,Ramadan,25818,,Egypt
997,Samy,,42399,Suez,Egypt
998,Yasser,Hassan,72429,Kafr El-Sheikh,Egypt
999,,Fathy,12379,El-Mahalla El-Kubra,Egypt
1000,Mahmoud,,46681,El-Mahalla El-Kubra,Egypt
1001,Mostafa,Shaker,67631,,Egypt
1002,Khaled,El-Sharif,35380,Giza,Egypt
1003,Samar,El-Gamal,52853,,Egypt
1004,,,73183,,Egypt
1005,,Abdel-Magid,56789,New Valley,Egypt
1006,,El-Gamal,84723,,Egypt
1007,Doaa,,46665,Alexandria,Egypt
1008,Hend,El-Naggar,76899,Mansoura,Egypt
1009,Yasser,Nasr,36491,,Egypt
1010,Nadia,Abdel-Hamid,82745,Suez,Egypt
1011,Ali,Hassan,58874,Cairo,Egypt
1012,Ali,Afifi,34138,,Egypt
1013,Ali,Abdel-Nabi,63901,,Egypt
1014,Nour,Abdallah,12517,,Egypt
1015,,,53750,Port Said,Egypt
1016,Ahmed,Abdel-Rahman,82857,Beni Suef,Egypt
1017,Mohamed,,28574,,Egypt
1018,,Abdel-Nabi,54656,Suez,Egypt
1019,Rania,El-Sharif,54630,Helwan,Egypt
1020,,,53142,,Egypt
1021,,,66957,Matrouh,Egypt
1022,Samy,Abdel-Aziz,55332,South Sinai,Egypt
1023,,,96720,,Egypt
1024,Amr,Afifi,59810,Beni Suef,Egypt
1025,Sara,,75634,,Egypt
1026,Reem,,80653,Zagazig,Egypt
1027,Asmaa,El-Deeb,56767,,Egypt
1028,,Abdallah,82014,,Egypt
1029,,,45831,El-Mahalla El-Kubra,Egypt
1030,Khaled,Abdel-Aziz,19816,,Egypt
1031,Omar,Abdel-Aziz,94754,Asyut,Egypt
1032,Nour,Nasr,69046,Alexandria,Egypt
1033,Tarek,,40654,Tanta,Egypt
1034,Naira,,58586,Shubra El-Kheima,Egypt
1035,Mohamed,Abdel-Aziz,26684,Mansoura,Egypt
1036,,Abdel-Nabi,13578,,Egypt
1037,,El-Deeb,13907,Giza,Egypt
1038,Ibrahim,El-Gamal,53014,,Egypt
1039,Ahmed,El-Naggar,74214,Tanta,Egypt
1040,Mostafa,Shaker,90403,Aswan,Egypt
1041,Asmaa,Ibrahim,53887,Faiyum,Egypt
1042,,El-Naggar,75456,,Egypt
1043,Tarek,Hassan,59492,,Egypt
1044,Khaled,El-Sayed,27963,,Egypt
1045,Nour,,45081,Aswan,Egypt
1046,Sara,El-Naggar,76066,Suez,Egypt
1047,,Ibrahim,90579,El-Mahalla El-Kubra,Egypt
1048,Ali,Nasr,17936,,Egypt
1049,Omar,Afifi,65105,Ismailia,Egypt
1050,,El-Sayed,55502,Asyut,Egypt
1051,Omar,Ramadan,69161,,Egypt
1052,,,93513,Tanta,Egypt
1053,Mahmoud,El-Naggar,62108,Suez,Egypt
1054,Rania,Saleh,10172,,Egypt
1055,Sara,,44807,,Egypt
1056,,,80483,Tanta,Egypt
1057,,Abdel-Rahman,75401,Shubra El-Kheima,Egypt
1058,Yasser,El-Sayed,39091,Cairo,Egypt
1059,Tarek,Abdel-Hamid,71753,Asyut,Egypt
1060,,Abdel-Aziz,32171,Shubra El-Kheima,Egypt
1061,,El-Sayed,70584,Mansoura,Egypt
1062,Shaimaa,El-Sayed,96057,,Egypt
1063,Ahmed,,74942,Suez,Egypt
1064,Yasser,Fathy,33989,,Egypt
1065,,,44554,,Egypt
1066,Mohamed,El-Naggar,19876,Giza,Egypt
1067,,,56590,,Egypt
1068,Amr,Shaker,27650,Suez,Egypt
1069,Samy,Abdel-Aziz,74184,Mansoura,Egypt
1070,Hend,Abdel-Rahman,45014,Suez,Egypt
1071,,,80201,,Egypt
1072,Mostafa,El-Sharif,71528,,Egypt
1073,Ali,,43143,,Egypt
1074,,,16945,Mansoura,Egypt
1075,Nadia,,10347,,Egypt
1076,Asmaa,,45461,,Egypt
1077,Omar,Ramadan,55387,,Egypt
1078,Fatma,Afifi,93509,El-Mahalla El-Kubra,Egypt
1079,Mohamed,Abdel-Rahman,73856,Shubra El-Kheima,Egypt
1080,Mohamed,El-Deeb,63642,,Egypt
1081,,El-Sharif,62727,,Egypt
1082,Nour,Abdel-Hamid,69074,South Sinai,Egypt
1083,,,58054,El-Mahalla El-Kubra,Egypt
1084,Yasser,,22985,Port Said,Egypt
1085,Heba,Fathy,65994,Suez,Egypt
1086,,,16039,Red Sea,Egypt
1087,,,25087,Beni Suef,Egypt
1088,,,53323,Faiyum,Egypt
1089,Tarek,Shaker,83033,El-Mahalla El-Kubra,Egypt
1090,Mostafa,El-Gamal,22571,Aswan,Egypt
1091,Ibrahim,,15418,,Egypt
1092,Khaled,El-Deeb,20138,,Egypt
1093,,,15392,Port Said,Egypt
1094,Fatma,Hussein,19529,Asyut,Egypt
1095,,,42299,,Egypt
1096,,,48925,Port Said,Egypt
1097,Mostafa,El-Sayed,25229,,Egypt
1098,Ali,El-Deeb,29112,Beni Suef,Egypt
1099,,,53313,,Egypt
1100,Hany,Shaker,85664,,Egypt
1101,,Afifi,84797,Alexandria,Egypt
1102,Mostafa,,48646,,Egypt
1103,Mahmoud,,28136,Shubra El-Kheima,Egypt
1104,,Afifi,84388,,Egypt
1105,,Abdallah,34051,Helwan,Egypt
1106,Mahmoud,,71736,Sohag,Egypt
1107,Khaled,Abdallah,28563,,Egypt
1108,Yasser,Shaker,94311,,Egypt
1109,Nour,El-Naggar,95267,,Egypt
1110,,,89833,,Egypt
1111,Hassan,Abdel-Aziz,53757,,Egypt
1112,Samy,,14729,Helwan,Egypt
1113,Nour,,65964,Ismailia,Egypt
1114,Mahmoud,,86994,,Egypt
1115,,El-Naggar,96684,Qena,Egypt
1116,Ibrahim,El-Deeb,10090,Mansoura,Egypt
1117,Yasser,Abdel-Rahman,85156,Alexandria,Egypt
1118,Ahmed,,77864,,Egypt
1119,Naira,,18667,,Egypt
1120,Hussein,El-Deeb,54715,Sohag,Egypt
1121,Mohamed,El-Deeb,89526,,Egypt
1122,,,39749,,Egypt
1123,,Abdel-Nabi,67902,,Egypt
1124,Sara,Hassan,45982,,Egypt
1125,Dina,,89668,,Egypt
1126,Ali,El-Sharif,11681,Aswan,Egypt
1127,Khaled,El-Naggar,45435,Red Sea,Egypt
1128,Khaled,,47428,,Egypt
1129,Nour,Abdallah,14012,,Egypt
1130,,,27662,Qena,Egypt
1131,Khaled,Afifi,31771,Alexandria,Egypt
1132,Samar,,10162,Suez,Egypt
1133,Hassan,Abdallah,34823,Suez,Egypt
1134,Heba,,90225,,Egypt
1135,Reem,,30436,,Egypt
1136,Mohamed,El-Sayed,32480,Ismailia,Egypt
1137,Hassan,,94094,,Egypt
1138,Hussein,Nasr,40986,,Egypt
1139,,Shaker,63676,Asyut,Egypt
1140,Fatma,Ramadan,56071,Asyut,Egypt
1141,Hussein,El-Sayed,72444,North Sinai,Egypt
1142,,Afifi,77723,Aswan,Egypt
1143,,,14335,Damietta,Egypt
1144,,Abdel-Hamid,13992,Beni Suef,Egypt
1145,Mohamed,El-Naggar,96876,,Egypt
1146,,,25085,Port Said,Egypt
1147,Tarek,,46008,South Sinai,Egypt
1148,Ali,,74163,Sohag,Egypt
1149,Samy,Abdel-Rahman,46451,Red Sea,Egypt
1150,,,32075,,Egypt
1151,,El-Sayed,84698,South Sinai,Egypt
1152,Ali,Ibrahim,48270,,Egypt
1153,Reem,,73528,Sohag,Egypt
1154,,,10537,Asyut,Egypt
1155,Hassan,,69390,Faiyum,Egypt
1156,,Abdallah,19813,,Egypt
1157,,Abdel-Magid,40431,Sohag,Egypt
1158,Yasser,Saleh,24668,,Egypt
1159,,El-Gamal,30892,Shubra El-Kheima,Egypt
1160,Sara,,10308,,Egypt
1161,Mahmoud,El-Sayed,74570,,Egypt
1162,Hassan,,46078,,Egypt
1163,Mostafa,Abdallah,85656,,Egypt
1164,,Afifi,79234,,Egypt
1165,Hend,Ibrahim,75126,Giza,Egypt
1166,,,95742,Helwan,Egypt
1167,,Abdel-Aziz,31395,New Valley,Egypt
1168,,Ibrahim,96267,Suez,Egypt
1169,Amr,El-Naggar,38415,,Egypt
1170,Ahmed,Nasr,88097,South Sinai,Egypt
1171,,El-Sayed,57704,El-Mahalla El-Kubra,Egypt
1172,,El-Deeb,14558,Mansoura,Egypt
1173,Rania,Ramadan,69917,,Egypt
1174,Samy,Abdel-Magid,33542,Tanta,Egypt
1175,,El-Naggar,14472,,Egypt
1176,Doaa,,72364,,Egypt
1177,,Fathy,22295,El-Mahalla El-Kubra,Egypt
1178,,Afifi,83085,,Egypt
1179,Sara,Abdel-Nabi,74444,,Egypt
1180,Asmaa,,63534,,Egypt
1181,,Abdallah,36038,Alexandria,Egypt
1182,Tarek,Afifi,36558,Ismailia,Egypt
1183,,El-Naggar,84799,Cairo,Egypt
1184,Dina,El-Naggar,72229,Cairo,Egypt
1185,,Nasr,54327,Suez,Egypt
1186,Samy,El-Sayed,18335,,Egypt
1187,Mohamed,,86587,,Egypt
1188,Samy,,39807,Giza,Egypt
1189,Dina,Ibrahim,11125,Giza,Egypt
1190,,,66527,,Egypt
1191,Yasser,Abdel-Aziz,12676,,Egypt
1192,Mostafa,,86132,Luxor,Egypt
1193,Hassan,El-Naggar,36782,Giza,Egypt
1194,,Abdel-Nabi,52847,,Egypt
1195,Hussein,Abdel-Aziz,27974,,Egypt
1196,,El-Gamal,94586,Kafr El-Sheikh,Egypt
1197,Doaa,Nasr,12690,Faiyum,Egypt
1198,,El-Deeb,74563,Sohag,Egypt
1199,Hussein,,52972,,Egypt
1200,Hassan,,43369,Sohag,Egypt
1201,Sara,El-Deeb,66383,Aswan,Egypt
1202,Fatma,,40344,Damietta,Egypt
1203,Ahmed,,86931,Damietta,Egypt
1204,Tarek,,89988,,Egypt
1205,Ibrahim,El-Sharif,75986,Damietta,Egypt
1206,Tarek,,58704,,Egypt
1207,Amr,Abdel-Hamid,75670,,Egypt
1208,Nadia,Shaker,15226,,Egypt
1209,Hany,,58063,,Egypt
1210,Nadia,,92685,Giza,Egypt
1211,,,78158,Cairo,Egypt
1212,Asmaa,,98924,,Egypt
1213,Mahmoud,Ramadan,74383,Luxor,Egypt
1214,,Abdel-Hamid,91086,,Egypt
1215,Ali,Afifi,79414,,Egypt
1216,,,62741,Giza,Egypt
1217,Samar,,94195,Faiyum,Egypt
1218,,Abdel-Magid,45148,Damietta,Egypt
1219,,Saleh,28329,Aswan,Egypt
1220,,Ibrahim,16049,Suez,Egypt
1221,,,52401,,Egypt
1222,,,29329,New Valley,Egypt
1223,Ibrahim,Abdel-Aziz,15550,Tanta,Egypt
1224,Mostafa,Fathy,60480,,Egypt
1225,Ibrahim,,51259,Shubra El-Kheima,Egypt
1226,Hend,Abdel-Rahman,18676,,Egypt
1227,Khaled,,31124,,Egypt
1228,,El-Gamal,85065,Matrouh,Egypt
1229,Samar,Ibrahim,72478,Port Said,Egypt
1230,,Abdallah,13988,,Egypt
1231,Ahmed,,48168,El-Mahalla El-Kubra,Egypt
1232,Hend,,29951,,Egypt
1233,,,23569,,Egypt
1234,Hany,,75963,Tanta,Egypt
1235,Hassan,,95257,,Egypt
1236,Samar,Abdel-Hamid,93855,Helwan,Egypt
1237,Ibrahim,El-Deeb,71452,Minya,Egypt
1238,Mona,El-Sayed,67451,,Egypt
1239,Mohamed,El-Naggar,57973,,Egypt
1240,,,37822,Faiyum,Egypt
1241,Omar,,25858,Beni Suef,Egypt
1242,,,50471,Shubra El-Kheima,Egypt
1243,,,72884,,Egypt
1244,Hussein,,15118,,Egypt
1245,Omar,Afifi,45630,,Egypt
1246,Amr,Abdel-Magid,42789,,Egypt
1247,,El-Deeb,88841,,Egypt
1248,,,88292,Alexandria,Egypt
1249,Mohamed,El-Naggar,45803,Kafr El-Sheikh,Egypt
1250,Nour,Afifi,70817,Shubra El-Kheima,Egypt
1251,Hassan,,98904,Beni Suef,Egypt
1252,,El-Deeb,77915,Tanta,Egypt
1253,Khaled,,94598,Aswan,Egypt
1254,,Abdel-Magid,87186,Aswan,Egypt
1255,Hassan,,32491,,Egypt
1256,Reem,,11391,Mansoura,Egypt
1257,Tarek,El-Deeb,40537,,Egypt
1258,,Nasr,95952,Asyut,Egypt
1259,Ahmed,Ramadan,35694,,Egypt
1260,Fatma,El-Gamal,86394,,Egypt
1261,,Abdel-Aziz,72029,Tanta,Egypt
1262,Hany,El-Gamal,97498,Cairo,Egypt
1263,Tarek,,59958,Giza,Egypt
1264,Hassan,Abdallah,48225,New Valley,Egypt
1265,,El-Sharif,43780,Mansoura,Egypt
1266,,Fathy,16808,,Egypt
1267,Rania,Nasr,46319,New Valley,Egypt
1268,,,90630,Beni Suef,Egypt
1269,,,53812,Cairo,Egypt
1270,Fatma,,91850,Shubra El-Kheima,Egypt
1271,Nour,,71226,,Egypt
1272,Yasser,Abdel-Aziz,29455,,Egypt
1273,,Shaker,96385,Zagazig,Egypt
1274,Hassan,,80413,,Egypt
1275,,Abdel-Magid,71756,,Egypt
1276,Ahmed,,37709,Alexandria,Egypt
1277,,,53595,Matrouh,Egypt
1278,,Hussein,28677,Giza,Egypt
1279,,,19464,Cairo,Egypt
1280,Omar,Fathy,44657,,Egypt
1281,,El-Sharif,21250,Tanta,Egypt
1282,,El-Sayed,52980,,Egypt
1283,,,44624,Red Sea,Egypt
1284,,Afifi,31558,,Egypt
1285,Ali,El-Sayed,92207,,Egypt
1286,Yasser,Abdallah,97519,Asyut,Egypt
1287,Hany,El-Sayed,66690,Port Said,Egypt
1288,,,57257,,Egypt
1289,Nour,,90836,Asyut,Egypt
1290,,El-Sayed,37621,,Egypt
1291,Sara,Abdallah,38025,Damietta,Egypt
1292,Hassan,El-Sayed,37652,,Egypt
1293,,Ramadan,92918,Cairo,Egypt
1294,Mahmoud,,98188,El-Mahalla El-Kubra,Egypt
1295,Mahmoud,Saleh,57649,Faiyum,Egypt
1296,Mostafa,Afifi,98542,Matrouh,Egypt
1297,Khaled,,31889,El-Mahalla El-Kubra,Egypt
1298,Ibrahim,Afifi,86676,,Egypt
1299,,,25978,Damietta,Egypt
1300,Hend,,48207,,Egypt
1301,Hany,El-Deeb,86040,Shubra El-Kheima,Egypt
1302,Asmaa,El-Deeb,13104,,Egypt
1303,Hassan,,23882,,Egypt
1304,Khaled,Shaker,76626,Shubra El-Kheima,Egypt
1305,Ali,El-Sharif,21436,Giza,Egypt
1306,Omar,,69820,Cairo,Egypt
1307,Shaimaa,,95717,,Egypt
1308,Nour,Shaker,92987,,Egypt
1309,Samy,El-Sayed,19294,,Egypt
1310,Rania,,96840,Giza,Egypt
1311,,,19331,Ismailia,Egypt
1312,Tarek,,40544,Cairo,Egypt
1313,,,89165,,Egypt
1314,Fatma,El-Naggar,79187,Giza,Egypt
1315,,,10617,,Egypt
1316,Khaled,,93684,New Valley,Egypt
1317,,Shaker,38777,Damietta,Egypt
1318,Tarek,Shaker,28981,Ismailia,Egypt
1319,Khaled,Abdel-Nabi,31079,,Egypt
1320,Nadia,,46428,,Egypt
1321,,Abdel-Nabi,53458,Kafr El-Sheikh,Egypt
1322,,Fathy,89474,,Egypt
1323,Yasser,El-Sharif,24668,Zagazig,Egypt
1324,Mahmoud,Abdel-Rahman,99707,Shubra El-Kheima,Egypt
1325,Samy,Hussein,77491,,Egypt
1326,Hassan,,53757,,Egypt
1327,Hassan,,74837,New Valley,Egypt
1328,Ali,El-Naggar,21065,,Egypt
1329,,,54621,,Egypt
1330,Yasser,Shaker,31379,Cairo,Egypt
1331,Sara,,36032,,Egypt
1332,Dina,Shaker,35705,,Egypt
1333,,,64981,New Valley,Egypt
1334,Mahmoud,,71231,North Sinai,Egypt
1335,Samy,Shaker,44576,North Sinai,Egypt
1336,Mahmoud,El-Gamal,63628,Damietta,Egypt
1337,Heba,El-Sayed,89909,El-Mahalla El-Kubra,Egypt
1338,Doaa,,78365,,Egypt
1339,Nadia,Afifi,47138,Aswan,Egypt
1340,Khaled,Abdel-Aziz,55565,Luxor,Egypt
1341,Hassan,,96461,Ismailia,Egypt
1342,,,86943,,Egypt
1343,Mahmoud,,14211,,Egypt
1344,,El-Deeb,62052,Luxor,Egypt
1345,,,25860,Alexandria,Egypt
1346,Ahmed,,22964,Damietta,Egypt
1347,Ali,Abdel-Rahman,21840,Cairo,Egypt
1348,,El-Deeb,34907,,Egypt
1349,,Abdallah,83164,,Egypt
1350,,Abdel-Aziz,89863,Suez,Egypt
1351,Hassan,Afifi,89917,,Egypt
1352,Asmaa,El-Naggar,45935,Beni Suef,Egypt
1353,,Abdallah,49019,Suez,Egypt
1354,,,37963,,Egypt
1355,Ibrahim,,44318,South Sinai,Egypt
1356,Yasser,,10553,Alexandria,Egypt
1357,,Ramadan,72721,,Egypt
1358,Hussein,Abdel-Nabi,45203,,Egypt
1359,Sara,Abdallah,60413,,Egypt
1360,,,54002,,Egypt
1361,Naira,Abdallah,45127,Shubra El-Kheima,Egypt
1362,Mahmoud,El-Deeb,65933,El-Mahalla El-Kubra,Egypt
1363,Tarek,El-Sharif,13762,Qena,Egypt
1364,,Hassan,93560,Minya,Egypt
1365,Hassan,El-Naggar,52830,Matrouh,Egypt
1366,Hussein,Shaker,13339,Port Said,Egypt
1367,Samy,El-Sharif,74918,El-Mahalla El-Kubra,Egypt
1368,,Hassan,20562,Damietta,Egypt
1369,,Abdel-Magid,74661,Helwan,Egypt
1370,Mohamed,Abdallah,34432,,Egypt
1371,,Fathy,91306,,Egypt
1372,,El-Naggar,74501,Suez,Egypt
1373,Hussein,El-Sayed,76445,Giza,Egypt
1374,Fatma,,14696,Zagazig,Egypt
1375,Doaa,,44399,,Egypt
1376,,El-Gamal,96610,,Egypt
1377,,El-Sayed,27121,,Egypt
1378,Fatma,,35614,,Egypt
1379,Hany,,26321,,Egypt
1380,Nour,Hassan,52215,,Egypt
1381,Ahmed,El-Deeb,84416,,Egypt
1382,Khaled,,38816,Minya,Egypt
1383,Rania,El-Deeb,36524,,Egypt
1384,Hussein,El-Sharif,52941,,Egypt
1385,Heba,,73732,,Egypt
1386,Hend,Abdel-Hamid,59100,,Egypt
1387,,El-Sayed,65895,Tanta,Egypt
1388,Hassan,El-Deeb,63680,,Egypt
1389,,,58605,Alexandria,Egypt
1390,Omar,,22247,Suez,Egypt
1391,Omar,El-Naggar,11987,Helwan,Egypt
1392,,,90085,Minya,Egypt
1393,Hend,,43755,,Egypt
1394,,Fathy,60372,,Egypt
1395,,,94364,,Egypt
1396,,Shaker,23747,Kafr El-Sheikh,Egypt
1397,Hany,,23148,,Egypt
1398,Heba,,44150,El-Mahalla El-Kubra,Egypt
1399,,Abdel-Aziz,81770,Mansoura,Egypt
1400,Mostafa,,72054,Alexandria,Egypt
1401,Hussein,,20402,Shubra El-Kheima,Egypt
1402,Amr,,74956,,Egypt
1403,Mohamed,,97715,,Egypt
1404,,,55158,Alexandria,Egypt
1405,Mahmoud,Abdel-Hamid,63426,,Egypt
1406,,Abdallah,15982,,Egypt
1407,Khaled,El-Deeb,86534,Giza,Egypt
1408,Yasser,,90676,,Egypt
1409,Asmaa,El-Deeb,51539,,Egypt
1410,Sara,El-Deeb,89436,,Egypt
1411,Doaa,,23948,Alexandria,Egypt
1412,,Afifi,48150,Matrouh,Egypt
1413,,,60789,El-Mahalla El-Kubra,Egypt
1414,Mostafa,,39673,Helwan,Egypt
1415,Heba,Abdel-Hamid,63756,Alexandria,Egypt
1416,,,46148,Minya,Egypt
1417,Ahmed,Shaker,34173,,Egypt
1418,Tarek,El-Sharif,99666,El-Mahalla El-Kubra,Egypt
1419,,Abdel-Aziz,95272,,Egypt
1420,Omar,El-Naggar,49626,,Egypt
1421,Reem,,26797,Giza,Egypt
1422,Tarek,,84101,,Egypt
1423,,,83340,Matrouh,Egypt
1424,,,51761,,Egypt
1425,,Abdallah,89529,Helwan,Egypt
1426,Fatma,Fathy,90857,,Egypt
1427,Fatma,Saleh,20003,Beni Suef,Egypt
1428,,,38896,Qena,Egypt
1429,,Ramadan,80184,Cairo,Egypt
1430,Hend,,90253,,Egypt
1431,Shaimaa,Abdel-Hamid,76764,New Valley,Egypt
1432,Ibrahim,Hassan,50063,Alexandria,Egypt
1433,,,55125,Damietta,Egypt
1434,Hend,,30530,,Egypt
1435,,El-Sayed,63400,,Egypt
1436,,Shaker,86847,North Sinai,Egypt
1437,Ahmed,El-Naggar,69034,,Egypt
1438,Tarek,Afifi,39709,,Egypt
1439,Ibrahim,El-Sayed,23146,,Egypt
1440,,Ibrahim,75657,Luxor,Egypt
1441,Yasser,,18358,Port Said,Egypt
1442,,,90645,,Egypt
1443,,El-Gamal,86444,Mansoura,Egypt
1444,Samy,,38864,Damietta,Egypt
1445,Nour,Fathy,84095,Asyut,Egypt
1446,Dina,,45056,,Egypt
1447,,,15034,Suez,Egypt
1448,Asmaa,Nasr,33324,Cairo,Egypt
1449,,,87258,,Egypt
1450,Fatma,,52193,Zagazig,Egypt
1451,,Fathy,25728,Luxor,Egypt
1452,Reem,,97155,Aswan,Egypt
1453,,Hussein,68354,,Egypt
1454,Hassan,El-Sharif,53175,,Egypt
1455,Hend,Shaker,73619,Red Sea,Egypt
1456,Hussein,,91480,,Egypt
1457,Hussein,El-Naggar,10711,Giza,Egypt
1458,,Abdel-Rahman,10324,Luxor,Egypt
1459,Hany,El-Sayed,57967,Qena,Egypt
1460,Doaa,,67807,Shubra El-Kheima,Egypt
1461,Mona,Abdallah,85160,Giza,Egypt
1462,Omar,,73004,Mansoura,Egypt
1463,Omar,,46252,,Egypt
1464,,,69977,Suez,Egypt
1465,Hussein,El-Naggar,60307,,Egypt
1466,Nour,Ramadan,92671,New Valley,Egypt
1467,,El-Sayed,90085,,Egypt
1468,Hassan,Ramadan,58240,South Sinai,Egypt
1469,Mahmoud,,62791,Luxor,Egypt
1470,Fatma,,36501,Giza,Egypt
1471,Hany,El-Deeb,61324,Suez,Egypt
1472,Naira,,83740,South Sinai,Egypt
1473,,El-Gamal,62615,,Egypt
1474,,Afifi,47673,Qena,Egypt
1475,,El-Deeb,42204,Ismailia,Egypt
1476,,Afifi,48571,,Egypt
1477,Mohamed,Afifi,50810,Port Said,Egypt
1478,,,38708,,Egypt
1479,Heba,El-Deeb,81192,Cairo,Egypt
1480,Ali,Saleh,77774,Beni Suef,Egypt
1481,Khaled,Fathy,16564,Mansoura,Egypt
1482,Mona,,35987,,Egypt
1483,,Hassan,56248,,Egypt
1484,,,43967,Faiyum,Egypt
1485,Hany,El-Deeb,32429,Alexandria,Egypt
1486,Ali,El-Gamal,10921,Helwan,Egypt
1487,,El-Deeb,15603,,Egypt
1488,Mahmoud,Abdallah,47128,El-Mahalla El-Kubra,Egypt
1489,Dina,,70605,,Egypt
1490,Heba,,56623,Beni Suef,Egypt
1491,Fatma,,27499,,Egypt
1492,Tarek,,95417,Suez,Egypt
1493,,Ramadan,96905,Shubra El-Kheima,Egypt
1494,Doaa,Ramadan,48717,Kafr El-Sheikh,Egypt
1495,Khaled,Shaker,19219,Alexandria,Egypt
1496,Hassan,El-Deeb,34573,New Valley,Egypt
1497,,El-Naggar,85008,Zagazig,Egypt
1498,,Nasr,24321,Beni Suef,Egypt
1499,Mahmoud,,75989,Alexandria,Egypt
1500,,El-Naggar,83284,,Egypt
1501,Samy,,13662,Red Sea,Egypt
1502,,Abdel-Aziz,72383,El-Mahalla El-Kubra,Egypt
1503,Mohamed,Saleh,89127,,Egypt
1504,Hend,El-Sharif,89091,Giza,Egypt
1505,Sara,Abdel-Magid,19521,Alexandria,Egypt
1506,Omar,El-Deeb,84903,,Egypt
1507,,Abdel-Nabi,25434,,Egypt
1508,Amr,Fathy,87118,,Egypt
1509,Mohamed,Afifi,93736,Giza,Egypt
1510,Khaled,,91839,,Egypt
1511,Rania,,38179,Zagazig,Egypt
1512,Nadia,El-Deeb,45907,Sohag,Egypt
1513,,Abdel-Rahman,69357,Mansoura,Egypt
1514,Khaled,,85280,Helwan,Egypt
1515,Ahmed,,40975,Qena,Egypt
1516,,,49193,El-Mahalla El-Kubra,Egypt
1517,Mona,Ramadan,70003,,Egypt
1518,Fatma,,11637,,Egypt
1519,Ahmed,Hassan,32889,,Egypt
1520,,,26570,North Sinai,Egypt
1521,,,21138,,Egypt
1522,Hany,,14241,Beni Suef,Egypt
1523,Hassan,,94870,Suez,Egypt
1524,,Saleh,80467,Ismailia,Egypt
1525,,,86989,Helwan,Egypt
1526,,Abdel-Nabi,31844,Mansoura,Egypt
1527,,Hassan,38070,,Egypt
1528,Ibrahim,El-Deeb,66288,Mansoura,Egypt
1529,Hassan,,84987,,Egypt
1530,Naira,Abdallah,58544,,Egypt
1531,Ibrahim,El-Sayed,73792,,Egypt
1532,Hassan,Abdel-Magid,31965,,Egypt
1533,Omar,Saleh,60861,Port Said,Egypt
1534,,El-Sharif,26175,,Egypt
1535,,Abdel-Hamid,56567,Luxor,Egypt
1536,,El-Deeb,52338,,Egypt
1537,Samar,Ibrahim,10996,Aswan,Egypt
1538,Ali,Abdel-Rahman,33293,Beni Suef,Egypt
1539,Amr,Hassan,34446,,Egypt
1540,Ibrahim,,59124,Damietta,Egypt
1541,Heba,,80917,Mansoura,Egypt
1542,,Saleh,17044,South Sinai,Egypt
1543,Hany,Shaker,17327,Sohag,Egypt
1544,,,25933,,Egypt
1545,Omar,,16691,South Sinai,Egypt
1546,,Abdel-Nabi,97689,Sohag,Egypt
1547,Khaled,,46313,Mansoura,Egypt
1548,Hussein,El-Naggar,55920,Ismailia,Egypt
1549,,Nasr,70517,Kafr El-Sheikh,Egypt
1550,Hussein,Nasr,27352,Qena,Egypt
1551,Samar,Hussein,56017,Zagazig,Egypt
1552,Hassan,Afifi,64977,El-Mahalla El-Kubra,Egypt
1553,Doaa,El-Naggar,26252,Asyut,Egypt
1554,,Nasr,20847,,Egypt
1555,,Afifi,78825,,Egypt
1556,,Afifi,65588,Cairo,Egypt
1557,Heba,Abdallah,42267,,Egypt
1558,Mona,,78032,Suez,Egypt
1559,,El-Naggar,58315,Asyut,Egypt
1560,,,27838,Luxor,Egypt
1561,Omar,,79789,Alexandria,Egypt
1562,Samar,,57341,New Valley,Egypt
1563,Hend,Abdel-Rahman,36891,,Egypt
1564,Amr,Shaker,11905,South Sinai,Egypt
1565,Fatma,,89244,,Egypt
1566,Samar,Nasr,16591,Matrouh,Egypt
1567,Hussein,El-Sayed,30218,,Egypt
1568,Tarek,El-Sayed,93850,,Egypt
1569,,,50237,Alexandria,Egypt
1570,Asmaa,El-Sayed,39482,,Egypt
1571,Ibrahim,Nasr,37967,Port Said,Egypt
1572,,El-Deeb,63089,Beni Suef,Egypt
1573,,,16167,Beni Suef,Egypt
1574,,,49838,Ismailia,Egypt
1575,Ahmed,,58253,,Egypt
1576,Hany,Shaker,99433,,Egypt
1577,Mostafa,El-Naggar,49828,Port Said,Egypt
1578,Hussein,Fathy,51122,Port Said,Egypt
1579,Khaled,,42578,,Egypt
1580,,,21032,Suez,Egypt
1581,Hend,El-Sayed,84342,,Egypt
1582,Fatma,Afifi,12050,Alexandria,Egypt
1583,Ibrahim,,97237,,Egypt
1584,,El-Gamal,24049,Alexandria,Egypt
1585,,,29122,,Egypt
1586,,El-Deeb,64003,Ismailia,Egypt
1587,Rania,Abdel-Magid,43116,Cairo,Egypt
1588,Mohamed,Ibrahim,12832,Alexandria,Egypt
1589,Fatma,,46974,South Sinai,Egypt
1590,Doaa,,34322,Mansoura,Egypt
1591,,,32145,Port Said,Egypt
1592,Mahmoud,,76160,Giza,Egypt
1593,Hassan,Abdel-Aziz,30434,,Egypt
1594,,,88369,,Egypt
1595,,Abdel-Magid,22387,,Egypt
1596,,Fathy,33354,,Egypt
1597,Asmaa,Afifi,17471,Matrouh,Egypt
1598,Yasser,,30052,Cairo,Egypt
1599,,Shaker,48802,,Egypt
1600,Mona,,23855,Tanta,Egypt
1601,Tarek,El-Naggar,18027,,Egypt
1602,Nour,Abdel-Hamid,13904,Alexandria,Egypt
1603,Hany,Fathy,80122,,Egypt
1604,,,68966,,Egypt
1605,Reem,,30070,,Egypt
1606,Mostafa,,16637,,Egypt
1607,,,65370,El-Mahalla El-Kubra,Egypt
1608,Mohamed,,77044,Port Said,Egypt
1609,Mahmoud,Saleh,55333,,Egypt
1610,Ahmed,Fathy,18743,,Egypt
1611,Yasser,,65556,,Egypt
1612,Ibrahim,Saleh,37539,Port Said,Egypt
1613,,El-Sayed,81591,,Egypt
1614,,Abdallah,81512,Tanta,Egypt
1615,,,85308,Ismailia,Egypt
1616,,El-Deeb,83403,Alexandria,Egypt
1617,,,22431,,Egypt
1618,,,88641,Kafr El-Sheikh,Egypt
1619,,Nasr,71996,,Egypt
1620,Hassan,Saleh,17874,,Egypt
1621,,Nasr,61548,,Egypt
1622,Ali,El-Sayed,33411,,Egypt
1623,,Ibrahim,62114,Faiyum,Egypt
1624,,,31777,,Egypt
1625,,,57052,,Egypt
1626,Doaa,El-Sayed,34864,,Egypt
1627,,,40617,,Egypt
1628,Mona,,44905,Aswan,Egypt
1629,,,51400,Suez,Egypt
1630,,El-Gamal,11144,,Egypt
1631,,Abdel-Hamid,85645,Helwan,Egypt
1632,Naira,Abdel-Magid,87300,Aswan,Egypt
1633,Ibrahim,Nasr,32767,Asyut,Egypt
1634,,Nasr,73046,,Egypt
1635,,Fathy,62459,,Egypt
1636,Asmaa,Ibrahim,81611,Tanta,Egypt
1637,Nour,,33458,Faiyum,Egypt
1638,Ahmed,Hussein,58280,Zagazig,Egypt
1639,Hassan,,75242,Mansoura,Egypt
1640,Omar,Abdel-Aziz,93065,,Egypt
1641,Mostafa,Abdel-Aziz,96472,,Egypt
1642,Reem,Hassan,17433,,Egypt
1643,,,83737,Suez,Egypt
1644,Naira,Hussein,77571,,Egypt
1645,,Ibrahim,54000,,Egypt
1646,Omar,Fathy,47751,Cairo,Egypt
1647,Naira,,54805,Mansoura,Egypt
1648,,Nasr,10636,Giza,Egypt
1649,Khaled,Abdel-Aziz,70089,,Egypt
1650,Mostafa,Abdel-Rahman,29455,Mansoura,Egypt
1651,Asmaa,Abdel-Magid,70341,Matrouh,Egypt
1652,Amr,,97276,,Egypt
1653,Mahmoud,,48207,Sohag,Egypt
1654,,El-Deeb,47827,North Sinai,Egypt
1655,Omar,Abdel-Nabi,73000,Shubra El-Kheima,Egypt
1656,Mohamed,El-Gamal,73934,Faiyum,Egypt
1657,Fatma,,94239,,Egypt
1658,Ibrahim,,38216,,Egypt
1659,,Hassan,16750,Aswan,Egypt
1660,Hend,El-Deeb,82202,Kafr El-Sheikh,Egypt
1661,Hussein,El-Gamal,41141,,Egypt
1662,Hussein,Afifi,12038,,Egypt
1663,Tarek,,60652,Tanta,Egypt
1664,Hassan,,17562,,Egypt
1665,Hany,El-Deeb,50357,Mansoura,Egypt
1666,Amr,Hussein,85245,,Egypt
1667,Hany,Abdel-Aziz,12866,Beni Suef,Egypt
1668,Omar,El-Deeb,35480,,Egypt
1669,Mona,Abdel-Aziz,41123,,Egypt
1670,Mahmoud,Abdel-Rahman,13697,Sohag,Egypt
1671,,El-Sharif,59110,,Egypt
1672,,Abdel-Nabi,61124,Damietta,Egypt
1673,,Abdel-Nabi,54990,,Egypt
1674,,Afifi,39736,Ismailia,Egypt
1675,Nour,,97604,Aswan,Egypt
1676,Nour,,35847,,Egypt
1677,,,10855,,Egypt
1678,Mahmoud,,49113,,Egypt
1679,,Abdel-Aziz,88352,Minya,Egypt
1680,,Abdel-Nabi,96958,Cairo,Egypt
1681,Amr,Abdallah,38512,Alexandria,Egypt
1682,Mohamed,,25099,,Egypt
1683,,Ramadan,54717,Cairo,Egypt
1684,,Afifi,57893,Aswan,Egypt
1685,Shaimaa,Saleh,74056,,Egypt
1686,Reem,Nasr,80644,,Egypt
1687,,,27753,El-Mahalla El-Kubra,Egypt
1688,,Abdel-Nabi,68201,,Egypt
1689,Yasser,El-Deeb,89803,Qena,Egypt
1690,Tarek,El-Naggar,25917,Cairo,Egypt
1691,Khaled,Nasr,17426,,Egypt
1692,Doaa,,58535,Sohag,Egypt
1693,Hany,,57024,,Egypt
1694,,,16055,Cairo,Egypt
1695,Hany,El-Sayed,31659,,Egypt
1696,Ali,El-Sayed,48537,,Egypt
1697,Ali,,70527,Luxor,Egypt
1698,Mona,Abdel-Hamid,39947,,Egypt
1699,,Abdel-Rahman,72366,Giza,Egypt
1700,Nour,,22595,Alexandria,Egypt
1701,Fatma,,48296,Matrouh,Egypt
1702,Fatma,,12277,Kafr El-Sheikh,Egypt
1703,,El-Sharif,52117,,Egypt
1704,,,96026,,Egypt
1705,,,13934,South Sinai,Egypt
1706,Tarek,Abdel-Hamid,64683,,Egypt
1707,Nour,Abdallah,70586,Faiyum,Egypt
1708,,,74337,South Sinai,Egypt
1709,,Hassan,92256,Luxor,Egypt
1710,Hussein,,22067,Mansoura,Egypt
1711,,,90115,Minya,Egypt
1712,,Afifi,77491,,Egypt
1713,Hany,El-Sayed,29778,Shubra El-Kheima,Egypt
1714,,,25503,,Egypt
1715,Mahmoud,Abdallah,52992,Mansoura,Egypt
1716,Fatma,Shaker,60415,Suez,Egypt
1717,,El-Sayed,89406,Damietta,Egypt
1718,Dina,Abdel-Magid,51161,,Egypt
1719,Nour,Abdel-Aziz,92747,Suez,Egypt
1720,Doaa,,98435,,Egypt
1721,,Nasr,35487,Asyut,Egypt
1722,,,73181,Suez,Egypt
1723,,El-Sharif,33589,Giza,Egypt
1724,Ibrahim,Fathy,30573,Shubra El-Kheima,Egypt
1725,,,49423,,Egypt
1726,Nour,Abdallah,29276,Port Said,Egypt
1727,,El-Sayed,46102,El-Mahalla El-Kubra,Egypt
1728,,Fathy,58807,,Egypt
1729,,Fathy,86099,,Egypt
1730,Reem,,20060,Minya,Egypt
1731,Mahmoud,Hussein,96101,,Egypt
1732,Hussein,Saleh,55790,Suez,Egypt
1733,Hany,Abdel-Nabi,89503,,Egypt
1734,Fatma,El-Deeb,26771,,Egypt
1735,Shaimaa,Nasr,45260,El-Mahalla El-Kubra,Egypt
1736,Hassan,,83872,Aswan,Egypt
1737,,,62683,,Egypt
1738,Nadia,Saleh,53590,,Egypt
1739,,El-Gamal,54637,,Egypt
1740,Doaa,,25667,,Egypt
1741,,,94928,,Egypt
1742,Rania,Hassan,95660,Minya,Egypt
1743,,Afifi,89245,Sohag,Egypt
1744,,Abdel-Hamid,71981,Alexandria,Egypt
1745,Nour,El-Deeb,11874,,Egypt
1746,Mahmoud,El-Gamal,45037,Matrouh,Egypt
1747,Omar,Abdel-Hamid,99949,New Valley,Egypt
1748,Tarek,Abdel-Magid,88359,,Egypt
1749,Yasser,Shaker,15605,Aswan,Egypt
1750,,,80395,Giza,Egypt
1751,Asmaa,El-Gamal,85080,,Egypt
1752,Ahmed,,78202,El-Mahalla El-Kubra,Egypt
1753,Yasser,,77699,,Egypt
1754,Naira,,97968,Giza,Egypt
1755,Reem,,79666,,Egypt
1756,Hussein,,49136,Tanta,Egypt
1757,,El-Sayed,91176,,Egypt
1758,,Shaker,22261,El-Mahalla El-Kubra,Egypt
1759,,Abdel-Rahman,72368,,Egypt
1760,Ahmed,,68474,Alexandria,Egypt
1761,Ali,,31790,,Egypt
1762,Dina,Ibrahim,72818,,Egypt
1763,,El-Deeb,91810,,Egypt
1764,Tarek,El-Sayed,43824,,Egypt
1765,,,30029,Beni Suef,Egypt
1766,,Fathy,57620,Port Said,Egypt
1767,,,14488,,Egypt
1768,Khaled,El-Gamal,32307,,Egypt
1769,,El-Sharif,58558,Beni Suef,Egypt
1770,Asmaa,,48904,Minya,Egypt
1771,,El-Gamal,72710,,Egypt
1772,Ahmed,Abdallah,94393,,Egypt
1773,Mohamed,Saleh,34194,,Egypt
1774,Doaa,,40371,Zagazig,Egypt
1775,Mohamed,,64814,,Egypt
1776,Mohamed,,13545,,Egypt
1777,,El-Deeb,84648,Ismailia,Egypt
1778,Khaled,,57514,,Egypt
1779,Omar,,99034,El-Mahalla El-Kubra,Egypt
1780,Rania,,25159,Tanta,Egypt
1781,,,44437,,Egypt
1782,,Fathy,22121,New Valley,Egypt
1783,Ibrahim,El-Deeb,60016,El-Mahalla El-Kubra,Egypt
1784,Mohamed,,72715,Kafr El-Sheikh,Egypt
1785,Nour,,64715,Suez,Egypt
1786,,El-Gamal,66926,Cairo,Egypt
1787,Tarek,,10339,South Sinai,Egypt
1788,Sara,,37298,,Egypt
1789,,Abdallah,64652,Faiyum,Egypt
1790,Samy,Abdallah,83747,,Egypt
1791,Hassan,,42616,,Egypt
1792,Heba,,47527,,Egypt
1793,Samar,,62000,,Egypt
1794,,,91005,,Egypt
1795,Khaled,El-Deeb,59868,,Egypt
1796,,,33111,Asyut,Egypt
1797,,Abdel-Aziz,19468,Luxor,Egypt
1798,Rania,,82340,,Egypt
1799,Omar,,50437,Cairo,Egypt
1800,,El-Sayed,58802,El-Mahalla El-Kubra,Egypt
1801,,,82255,,Egypt
1802,Mahmoud,,36666,Alexandria,Egypt
1803,,,59885,New Valley,Egypt
1804,,Afifi,72078,,Egypt
1805,Rania,El-Deeb,82736,New Valley,Egypt
1806,,Abdel-Rahman,39609,Port Said,Egypt
1807,Amr,Afifi,96559,,Egypt
1808,,Hassan,24048,El-Mahalla El-Kubra,Egypt
1809,Yasser,El-Gamal,99081,New Valley,Egypt
1810,,Abdel-Nabi,50560,Port Said,Egypt
1811,Asmaa,Nasr,93229,,Egypt
1812,,,93630,,Egypt
1813,,,44454,Kafr El-Sheikh,Egypt
1814,Nadia,Ramadan,85292,,Egypt
1815,Naira,El-Sayed,56238,,Egypt
1816,Nadia,,29306,,Egypt
1817,,El-Sayed,35594,,Egypt
1818,,Fathy,78645,Shubra El-Kheima,Egypt
1819,Nour,Abdel-Rahman,96075,Beni Suef,Egypt
1820,Hassan,El-Sayed,62434,El-Mahalla El-Kubra,Egypt
1821,Ibrahim,,97519,,Egypt
1822,Samar,,14793,,Egypt
1823,Hany,Abdel-Nabi,55199,Sohag,Egypt
1824,Ali,,81787,Zagazig,Egypt
1825,,El-Naggar,55471,Helwan,Egypt
1826,,,32572,,Egypt
1827,Ali,El-Deeb,98958,Aswan,Egypt
1828,Fatma,,95040,Aswan,Egypt
1829,,Abdel-Magid,21959,Minya,Egypt
1830,Ibrahim,,88181,Alexandria,Egypt
1831,Hend,Abdel-Hamid,51542,,Egypt
1832,Hany,El-Sayed,58274,Suez,Egypt
1833,Mohamed,Nasr,26216,,Egypt
1834,Dina,Abdel-Hamid,56374,,Egypt
1835,Mona,Ibrahim,14442,North Sinai,Egypt
1836,Ahmed,Abdallah,92607,Shubra El-Kheima,Egypt
1837,,Abdallah,26508,New Valley,Egypt
1838,Shaimaa,Abdel-Rahman,38783,Faiyum,Egypt
1839,,,31381,,Egypt
1840,,,82851,,Egypt
1841,Ali,El-Gamal,43996,Matrouh,Egypt
1842,Ali,Abdel-Hamid,70196,Suez,Egypt
1843,Omar,,56672,,Egypt
1844,Asmaa,Ramadan,98050,Minya,Egypt
1845,Hassan,Abdallah,45334,Zagazig,Egypt
1846,Ahmed,Nasr,92463,Faiyum,Egypt
1847,Ali,,45306,,Egypt
1848,Hany,El-Naggar,56793,Suez,Egypt
1849,Amr,Nasr,65236,,Egypt
1850,Reem,,89339,Suez,Egypt
1851,Shaimaa,Ramadan,24542,Port Said,Egypt
1852,,Abdallah,21730,Red Sea,Egypt
1853,Reem,Saleh,44074,Faiyum,Egypt
1854,,,31943,,Egypt
1855,,El-Deeb,11680,,Egypt
1856,Yasser,El-Sayed,93535,Mansoura,Egypt
1857,Hend,Abdel-Magid,75824,New Valley,Egypt
1858,Mona,,34856,,Egypt
1859,,,71839,,Egypt
1860,,,73795,,Egypt
1861,Hassan,,28555,Zagazig,Egypt
1862,Nour,El-Deeb,47991,,Egypt
1863,Shaimaa,Abdel-Rahman,66830,,Egypt
1864,Hany,Abdel-Hamid,76719,Alexandria,Egypt
1865,,El-Sharif,60981,Zagazig,Egypt
1866,Hend,Nasr,28411,,Egypt
1867,,El-Sayed,82979,Cairo,Egypt
1868,Yasser,Afifi,22909,,Egypt
1869,Reem,,94205,Alexandria,Egypt
1870,Mostafa,El-Sharif,71110,,Egypt
1871,,,14666,,Egypt
1872,Rania,Abdel-Aziz,88758,Asyut,Egypt
1873,Mohamed,,38293,Giza,Egypt
1874,,,40427,Damietta,Egypt
1875,Mostafa,Ibrahim,31261,,Egypt
1876,Hend,Shaker,50170,Alexandria,Egypt
1877,,Shaker,96217,,Egypt
1878,Fatma,,75292,,Egypt
1879,Naira,,18078,Red Sea,Egypt
1880,,Hussein,27932,,Egypt
1881,Samy,Hassan,17165,,Egypt
1882,Ahmed,Abdallah,20982,,Egypt
1883,,,64341,Helwan,Egypt
1884,,,47598,North Sinai,Egypt
1885,,El-Gamal,56662,Asyut,Egypt
1886,Mohamed,Abdel-Rahman,15826,Helwan,Egypt
1887,Omar,,89600,,Egypt
1888,,,70294,Port Said,Egypt
1889,Tarek,El-Deeb,60539,,Egypt
1890,,,96245,Asyut,Egypt
1891,Tarek,El-Deeb,72978,North Sinai,Egypt
1892,Samy,,46935,Shubra El-Kheima,Egypt
1893,,,44343,Mansoura,Egypt
1894,Ibrahim,Abdel-Rahman,12498,Kafr El-Sheikh,Egypt
1895,,El-Gamal,22142,,Egypt
1896,,,55476,,Egypt
1897,Hassan,,31548,Cairo,Egypt
1898,Mostafa,Ramadan,99433,Mansoura,Egypt
1899,Hassan,Abdel-Magid,39914,,Egypt
1900,Hassan,,71112,,Egypt
1901,,El-Sharif,90633,,Egypt
1902,,Ibrahim,31820,Luxor,Egypt
1903,,Abdel-Rahman,38972,,Egypt
1904,Rania,Hussein,10303,,Egypt
1905,Nadia,,40337,,Egypt
1906,Omar,,87330,Giza,Egypt
1907,,,36053,,Egypt
1908,Mostafa,Afifi,79727,,Egypt
1909,Hassan,,92216,Giza,Egypt
1910,Omar,Afifi,62483,,Egypt
1911,Fatma,Abdel-Nabi,95459,Helwan,Egypt
1912,Hassan,,43886,El-Mahalla El-Kubra,Egypt
1913,Mohamed,Abdallah,14248,Minya,Egypt
1914,Reem,,62966,Faiyum,Egypt
1915,,El-Naggar,20271,,Egypt
1916,Ahmed,Ramadan,79964,,Egypt
1917,Nour,Nasr,39141,,Egypt
1918,,,80260,,Egypt
1919,Nour,El-Sharif,40411,Cairo,Egypt
1920,Mohamed,,71799,El-Mahalla El-Kubra,Egypt
1921,Hassan,,36336,,Egypt
1922,Doaa,El-Deeb,33871,,Egypt
1923,Asmaa,El-Sayed,43206,Beni Suef,Egypt
1924,Samy,Afifi,55831,,Egypt
1925,Mostafa,El-Naggar,47193,,Egypt
1926,Tarek,Abdallah,18700,Kafr El-Sheikh,Egypt
1927,,,10698,Shubra El-Kheima,Egypt
1928,Nadia,,80243,Beni Suef,Egypt
1929,Nadia,,67837,,Egypt
1930,Omar,Abdel-Magid,42083,El-Mahalla El-Kubra,Egypt
1931,,,20951,Port Said,Egypt
1932,Tarek,El-Deeb,54694,Cairo,Egypt
1933,,El-Sharif,47984,Port Said,Egypt
1934,Amr,Saleh,86746,,Egypt
1935,Tarek,El-Sayed,73750,,Egypt
1936,Mahmoud,Abdel-Aziz,72930,Ismailia,Egypt
1937,Mona,,78006,Kafr El-Sheikh,Egypt
1938,Rania,Shaker,47029,,Egypt
1939,,Abdel-Magid,53729,,Egypt
1940,Tarek,,74929,,Egypt
1941,Hussein,,78665,Qena,Egypt
1942,Mohamed,El-Sharif,68278,,Egypt
1943,,,76504,Tanta,Egypt
1944,Shaimaa,Abdallah,50023,,Egypt
1945,,Ibrahim,69204,,Egypt
1946,,Abdel-Rahman,80999,Suez,Egypt
1947,Mona,Abdallah,63427,,Egypt
1948,Ahmed,Abdel-Magid,22110,Port Said,Egypt
1949,,,29854,North Sinai,Egypt
1950,Khaled,,76018,Alexandria,Egypt
1951,,,14902,Suez,Egypt
1952,,Fathy,64038,Suez,Egypt
1953,Tarek,,12766,Alexandria,Egypt
1954,Hany,,40840,Red Sea,Egypt
1955,,,41967,,Egypt
1956,,Nasr,78561,,Egypt
1957,Samar,Afifi,35477,,Egypt
1958,Dina,El-Deeb,27026,,Egypt
1959,,Abdel-Nabi,40526,Asyut,Egypt
1960,Hassan,Abdel-Rahman,83699,Sohag,Egypt
1961,Doaa,El-Gamal,37316,Beni Suef,Egypt
1962,,Nasr,76003,Mansoura,Egypt
1963,Khaled,,80413,Mansoura,Egypt
1964,Mona,El-Gamal,16503,Asyut,Egypt
1965,Hassan,,21858,Sohag,Egypt
1966,Nadia,Fathy,73448,,Egypt
1967,Tarek,El-Gamal,79883,Kafr El-Sheikh,Egypt
1968,Ibrahim,Abdel-Aziz,34457,,Egypt
1969,Ahmed,El-Sayed,49206,South Sinai,Egypt
1970,,Afifi,81787,,Egypt
1971,,,73969,El-Mahalla El-Kubra,Egypt
1972,,,35323,Shubra El-Kheima,Egypt
1973,Ahmed,El-Gamal,75895,Matrouh,Egypt
1974,Tarek,Ibrahim,51223,,Egypt
1975,Ali,Shaker,51280,Minya,Egypt
1976,Mostafa,El-Deeb,56531,Cairo,Egypt
1977,,Shaker,78993,,Egypt
1978,Sara,,25978,El-Mahalla El-Kubra,Egypt
1979,,,87368,Luxor,Egypt
1980,Mahmoud,Abdallah,15425,,Egypt
1981,Nour,Afifi,51746,,Egypt
1982,,Abdallah,61412,Sohag,Egypt
1983,Ibrahim,El-Naggar,40748,,Egypt
1984,Samar,,18672,Shubra El-Kheima,Egypt
1985,Mohamed,Hussein,21401,South Sinai,Egypt
1986,,El-Sayed,96314,Ismailia,Egypt
1987,,,44031,,Egypt
1988,,Hassan,76464,Ismailia,Egypt
1989,,,82255,,Egypt
1990,Hassan,Fathy,12369,,Egypt
1991,Khaled,El-Sharif,36325,Ismailia,Egypt
1992,Heba,Abdallah,42154,,Egypt
1993,Yasser,Ramadan,65625,Alexandria,Egypt
1994,,Abdallah,83961,,Egypt
1995,Hany,Fathy,87938,,Egypt
1996,Sara,Hassan,39585,,Egypt
1997,,,50438,,Egypt
1998,,El-Naggar,24341,,Egypt
1999,,,11133,,Egypt
2000,Khaled,Abdel-Aziz,95912,Kafr El-Sheikh,Egypt
